timestamp,WOB_klbf,RPM,Torque_klbf_ft,ROP_ftph,Flow_gpm,MW_ppg
2024-01-01 00:00:00,17.49080237694725,135.8529371215796,6.8513292883861965,28.35868033112981,478.5117051207718,11.620541628633866
2024-01-01 00:01:00,29.01428612819832,122.88770930752963,10.419009473783582,26.563184493337893,474.09363972159997,11.481961148240378
2024-01-01 00:02:00,24.6398788362281,104.76220930290623,13.729458358764083,6.153892961289606,671.8763741563109,11.061763693202261
2024-01-01 00:03:00,21.973169683940732,145.1036015765559,12.322248864095613,20.356152243177036,474.8638599548518,11.903303715946253
2024-01-01 00:04:00,13.12037280884873,134.77849380431036,13.065611478614498,22.108802845363567,481.5849178385893,10.241043934162487
2024-01-01 00:05:00,13.119890406724053,93.00935514759131,11.587833667107173,22.947025140360523,627.8194787253891,10.040381262681167
2024-01-01 00:06:00,11.16167224336399,152.8741747595074,11.922765645178526,31.107756615229953,534.921952735162,11.67871632730193
2024-01-01 00:07:00,27.323522915498703,145.80297943385352,13.491956515653193,29.01211460270953,633.0131670865544,10.766129596594247
2024-01-01 00:08:00,22.022300234864176,155.98399306335392,7.49668008859186,32.35572917570501,419.6098472693156,11.663331479255532
2024-01-01 00:09:00,24.16145155592091,138.0575606710688,9.894249636431404,39.41974676939577,546.2713581020153,11.764798451429913
2024-01-01 00:10:00,10.411689885916049,129.0732156748632,7.212094418196022,41.584358242224205,410.0840800549848,9.937406705961958
2024-01-01 00:11:00,29.398197043239886,113.45944290324951,14.87668007996647,37.31553843019225,418.79596103660634,11.743622478569334
2024-01-01 00:12:00,26.648852816008436,154.61827866832107,14.440593396866133,47.99856631797206,671.9312360033233,10.78630192181273
2024-01-01 00:13:00,14.246782213565524,149.28511116003267,5.394268113685059,5.820466220436273,441.77361133527853,10.922951475809311
2024-01-01 00:14:00,13.636499344142013,83.61749360849515,12.055751725156885,13.810009355759574,559.7262046825651,11.178503524405063
2024-01-01 00:15:00,13.668090197068675,82.10935795978016,14.252483174156659,5.340329374016395,523.3286807802119,11.838041734806191
2024-01-01 00:16:00,16.084844859190753,110.11706935024397,6.805753451273335,34.13636213695713,504.2029978776528,9.842055407745482
2024-01-01 00:17:00,20.495128632644757,144.8442664625466,10.679452305526294,45.41137470274941,669.9500037061817,10.849055630299198
2024-01-01 00:18:00,18.638900372842315,158.98209034519556,14.154882975880419,15.956703345933468,406.54701903264686,11.312988493347234
2024-01-01 00:19:00,15.824582803960839,92.03335128828226,5.339459785857988,46.7165545158338,599.1369058526767,11.389955306936102
2024-01-01 00:20:00,22.237057894447588,127.5304572281708,11.9742026724684,7.712032563030238,689.0183302640651,11.323571349381638
2024-01-01 00:21:00,12.789877213040837,110.47126853048172,7.973490073725507,47.04962120624814,568.0504550385526,10.095757284697868
2024-01-01 00:22:00,15.842892970704362,157.59315182516826,14.243961953765304,20.82302092578355,681.0467386099276,10.458670294417699
2024-01-01 00:23:00,17.327236865873836,147.3695138508567,14.710582451653679,9.563937280214743,415.67736378580713,10.58917415591743
2024-01-01 00:24:00,19.12139968434072,147.06629637689105,14.442664891134338,26.864229163384653,525.6379957222484,11.56976185689491
2024-01-01 00:25:00,25.703519227860273,117.49545278359761,9.742142166574638,16.554945547422857,478.0473372886154,10.413271719312018
2024-01-01 00:26:00,13.993475643167194,113.18556018701321,13.620426509893134,17.819280588286528,619.2462894942189,10.263550920507848
2024-01-01 00:27:00,20.284688768272233,101.8725657544565,13.445493985350703,18.828048421682894,694.389127149174,11.906385641883812
2024-01-01 00:28:00,21.848291377240848,84.51003973207418,8.191004732432557,41.13616540246986,476.9590187332743,9.819499227249633
2024-01-01 00:29:00,10.929008254399955,149.17779010040425,13.289154741506774,29.262257450386453,596.2523804422224,11.995205882500352
2024-01-01 00:30:00,22.150897038028766,145.03208073040622,5.370076347154926,19.008846462020166,459.42928982792205,11.289006857486271
2024-01-01 00:31:00,13.41048247374583,159.97741386289044,10.96269878482053,32.46502024899132,569.599076371483,11.622632458788058
2024-01-01 00:32:00,11.30103185970559,159.73094696591244,7.30008837287703,37.22678034004371,539.1797460065009,10.448162671961626
2024-01-01 00:33:00,28.977710745066666,124.4345364482102,6.205668857772788,17.26808003300902,691.6015988894611,9.831493610867533
2024-01-01 00:34:00,29.312640661491187,141.51899321444085,5.769532016292091,23.609709568640817,582.5581818089399,11.423312940835366
2024-01-01 00:35:00,26.16794696232922,155.58125839059426,11.962887758781397,10.48487420016264,504.85191162604565,11.635118113401488
2024-01-01 00:36:00,16.092275383467413,147.9717912541929,8.398749637680663,13.151720729060614,434.22873546638,11.429047490297743
2024-01-01 00:37:00,11.953442280127678,99.7878481394558,12.247667715287616,35.65030342842422,445.3740486204804,10.114270632061846
2024-01-01 00:38:00,23.684660530243136,116.04353082480748,5.653563407989424,13.164725646303213,467.5950789853705,11.457541428965332
2024-01-01 00:39:00,18.803049874792027,90.3327532121196,8.152903378306103,28.63235226501771,475.2899984020894,11.49163012063681
2024-01-01 00:40:00,12.440764696895577,156.3240821806978,10.394912923753372,36.907081777509475,655.1848173523414,11.248789134474121
2024-01-01 00:41:00,19.903538202225405,128.4939707560704,12.907231648389637,9.809461539263474,568.3668364847574,11.48545505215029
2024-01-01 00:42:00,10.687770422304368,98.29142444027701,8.1875250293207,30.529049883300658,557.0172734123099,11.66102716729101
2024-01-01 00:43:00,28.186408041575643,133.73605475246853,11.25891376437009,16.54532526656137,434.43066156076526,11.14992905132241
2024-01-01 00:44:00,15.175599632000338,129.45025923663167,13.85977748236187,48.33170938569109,658.0419080048305,9.994930370733295
2024-01-01 00:45:00,23.25044568707964,108.65301744262723,11.158631881823045,26.759554102396613,616.8442909625451,10.872781181267865
2024-01-01 00:46:00,16.23422152178822,89.08460737597032,7.329594747536338,41.26966473988212,420.3005085700005,9.970828536277532
2024-01-01 00:47:00,20.401360423556216,133.72585564742397,5.24400781556538,29.76019439703178,612.3505291689306,10.696594668271349
2024-01-01 00:48:00,20.934205586865595,121.62461607230347,13.700988739009299,6.953563978466862,563.0614652027938,10.695634276076381
2024-01-01 00:49:00,13.697089110510541,141.78547133885115,5.212694108503872,33.491811901731005,424.5176037240335,9.945221657108533
2024-01-01 00:50:00,29.391692555291172,121.61308008895946,13.747016726841995,47.813150399299566,537.490192458597,10.567405174732855
2024-01-01 00:51:00,25.50265646722229,148.17452002548322,10.289371340272119,32.0725319065849,545.4088861390142,10.044195817340894
2024-01-01 00:52:00,28.789978831283783,124.15254710195885,14.390676985128962,41.86349867420556,449.73236204898274,11.57811746202029
2024-01-01 00:53:00,27.896547008552975,124.87503772283091,12.987832357736654,44.78929085067835,683.7094441000847,11.884913657121835
2024-01-01 00:54:00,21.957999576221702,150.13228821266762,14.979341105333376,15.263589737701961,654.9926114441986,9.959096245567466
2024-01-01 00:55:00,28.437484700462335,112.27862929699177,8.507118154517102,14.5420177958702,600.7067011987325,11.901253456041744
2024-01-01 00:56:00,11.76985004103839,90.72121827605126,12.67188288931127,32.49414449829463,538.6886683001821,10.94966851854084
2024-01-01 00:57:00,13.919657248382904,82.30261410506712,9.01930913609242,23.49628114130171,523.5296624753526,10.459044491498522
2024-01-01 00:58:00,10.90454577821076,140.41098045388952,9.798756203039089,42.79375862900242,595.2920401452863,9.969096565607561
2024-01-01 00:59:00,16.506606615265287,129.6247641082772,11.2750546321837,45.5010405529105,563.6295608220717,10.90137338975492
2024-01-01 01:00:00,17.77354579378964,136.32638144793788,13.736771141863388,20.903962068622313,418.68193176456566,11.547934197879647
2024-01-01 01:01:00,15.426980635477918,97.03713292071285,14.840834691992951,15.659175153851693,553.7507946310996,11.355590249986736
2024-01-01 01:02:00,26.57475018303859,90.90971804694158,12.682734138645182,40.123648185973785,641.9210851698518,9.910497225220743
2024-01-01 01:03:00,17.135066533871786,81.16357325343056,9.177667821673339,17.366271599666124,537.7719632790875,9.960384037809389
2024-01-01 01:04:00,15.618690193747614,108.04700470452775,9.213570022770702,42.01764433311553,415.58697326628055,10.686321221791802
2024-01-01 01:05:00,20.853921663164968,127.19341494837064,12.375823015888916,24.068221414194326,635.8834598152099,10.449639086905476
2024-01-01 01:06:00,12.818484499495252,111.37952360797858,7.387771457683023,35.039745468116166,460.40913464079233,10.311245510723305
2024-01-01 01:07:00,26.043939615080795,114.99799376189833,6.104741131313947,9.29908912256007,477.5862504664116,10.418209897599171
2024-01-01 01:08:00,11.491012873595416,152.33269555949988,8.546221576407765,33.07366961044579,449.4119060296888,11.567662035253147
2024-01-01 01:09:00,29.737738732010346,107.86043736186403,7.8723899165408175,25.32954554317531,499.06451946144927,11.844301717990078
2024-01-01 01:10:00,25.444895385933147,121.11915913278486,7.9630812045599,31.397380842896336,627.0254517065905,10.691225927960646
2024-01-01 01:11:00,13.974313630683447,142.69224101929143,7.336077510499099,12.560639348518855,555.8157578511812,11.793444204691493
2024-01-01 01:12:00,10.110442342472048,111.72342258570161,5.420931896363619,38.15931852248819,461.46438224521376,10.507290542745341
2024-01-01 01:13:00,26.309228569096682,129.76693601822987,5.1787393473341385,43.825868489445284,663.3490234456123,10.848161369956342
2024-01-01 01:14:00,24.137146876952343,148.9890966997396,14.877223897360315,14.753291004084904,663.8745564854587,10.2972637951952
2024-01-01 01:15:00,24.580143360819747,155.96164989261138,9.277731337358624,9.307154998407277,661.1735275138021,11.209047292786856
2024-01-01 01:16:00,25.425406933718914,91.76587847432303,8.843266471596817,6.063736372085138,471.63886341446175,11.95375845338458
2024-01-01 01:17:00,11.480893034681808,154.12701001291956,11.7964728269307,33.888717519946965,535.3718032542964,11.127684811295433
2024-01-01 01:18:00,17.169314570885454,119.36930344636306,7.182538878650641,32.31923162399514,695.4968968422625,10.587190985049808
2024-01-01 01:19:00,12.317381190502594,100.65955106391667,14.499611839502254,29.60138357213315,631.6037428929972,11.225198381179162
2024-01-01 01:20:00,27.26206851751187,116.7308604990609,12.863450144155522,15.437619325218893,408.1502263676679,10.070425492623853
2024-01-01 01:21:00,22.46596253655116,158.40260602283817,5.894110023122595,22.59076981574816,419.5613773781476,11.755049976583877
2024-01-01 01:22:00,16.617960497052984,119.40944751942956,9.175807757849284,31.751435083377785,539.1794130436998,10.90678469171564
2024-01-01 01:23:00,11.271167005720473,106.30012882300065,13.791183075621646,27.354508648662623,672.766061758468,10.788569432487213
2024-01-01 01:24:00,16.219646434313244,130.67206834533806,14.447320222914103,49.45034840966993,561.6105393858143,11.088902534597743
2024-01-01 01:25:00,16.503666440534943,99.21164950225545,9.674015112498697,11.13978886505299,549.343752410287,11.174524498136686
2024-01-01 01:26:00,24.59212356676128,86.06906624869312,11.134113892107077,36.28150493214172,431.64210998698917,9.95790677369833
2024-01-01 01:27:00,22.751149427104263,90.31037775285193,6.6703394609207525,23.194344564693147,597.0340314172882,11.301757886691485
2024-01-01 01:28:00,27.74425485152653,90.2436671166218,14.911686261369766,24.268982671652665,646.6309481800677,10.332249696694166
2024-01-01 01:29:00,19.444298503238986,92.15221548098354,7.316717013834434,37.29189945461793,514.1260022522687,11.370695791514498
2024-01-01 01:30:00,12.391884918766035,91.10617381195281,14.427317741351256,36.15962680959663,632.6835552775982,11.609576547645233
2024-01-01 01:31:00,24.2648957444599,131.26997958425716,11.496466489923684,49.60651971659848,689.3429961702435,11.568708716615545
2024-01-01 01:32:00,25.21570097233795,94.55040675193159,11.077367948788591,10.777743025435635,461.12993773830675,11.015502128297356
2024-01-01 01:33:00,21.225543951389923,107.65338266590905,10.126885110165086,9.684934222287485,556.9988893584224,10.944373763083654
2024-01-01 01:34:00,25.41934359909122,151.74307279248094,7.306698117177587,37.59524677079335,486.14138742537267,10.114327114946706
2024-01-01 01:35:00,19.875911927287817,117.91693122102978,6.765280320055083,31.02741126528841,637.8563257101519,11.505761530886899
2024-01-01 01:36:00,20.45465658763988,133.40461908168217,7.204862090701754,17.337229995191265,573.2780097643472,10.397100636982772
2024-01-01 01:37:00,18.550820367170992,93.78558969613039,6.864382621442545,8.573871604504397,590.3747252650911,10.892729930199483
2024-01-01 01:38:00,10.508382534881903,95.38312150469366,12.795844735667533,8.854621231839374,639.3742478847682,10.425403004440538
2024-01-01 01:39:00,12.157828539866088,83.26948930131832,8.501252591667301,45.238589359885324,518.7911417987365,10.094422398599326
2024-01-01 01:40:00,10.628583713734685,93.51480504577316,5.578426765633964,13.634029612343431,674.5270205221129,11.18502693316182
2024-01-01 01:41:00,22.72820822527561,102.28722712255669,14.691026301408113,19.551720295198436,559.908660173842,9.919530476610388
2024-01-01 01:42:00,16.287119621526536,94.16083874213975,13.837858849634257,15.199538100214461,447.3864468506044,11.44701951507764
2024-01-01 01:43:00,20.171413823294056,87.09620270056445,14.27752283195213,20.97483376243718,608.7697354506407,10.498690949574456
2024-01-01 01:44:00,28.15132947852186,89.65086968804806,14.949078226464353,8.124072923574202,637.9784051314764,9.800296324609869
2024-01-01 01:45:00,14.9858445829775,116.86230144261806,6.738952492194873,28.357690590872167,495.028503120258,10.924484106321906
2024-01-01 01:46:00,18.207658460712594,96.5066974724634,8.962420189026588,8.042565361649672,657.1537770996258,9.903074198760727
2024-01-01 01:47:00,25.111022770860973,109.14158888384604,12.582384757040913,41.01604285200627,671.8429764297299,10.407573027205979
2024-01-01 01:48:00,14.57596330983245,120.27338166838855,11.960206180537922,15.517043685969487,483.0713462133427,11.355348272402576
2024-01-01 01:49:00,11.53959819657586,135.23158629034924,6.538959063398551,29.300536157202977,695.0564418145666,9.937917167568106
2024-01-01 01:50:00,15.795029058275361,83.14497118728792,13.158331249906178,44.60355894026562,442.21345841462755,11.646544683183205
2024-01-01 01:51:00,13.224425745080088,143.9528319127234,7.244405718366607,34.28948160712373,460.604700520747,9.808403829848883
2024-01-01 01:52:00,28.59395304685146,130.23203115927262,7.238176148226231,28.983100394810087,455.2674517714078,10.343012512244185
2024-01-01 01:53:00,26.16240759128834,86.54072255590975,10.369744228934135,19.595018890191902,668.196913002361,11.429988923534557
2024-01-01 01:54:00,22.66807513020847,149.88628992854217,10.929399348417032,19.985086087618907,596.2877656974886,10.495794329404475
2024-01-01 01:55:00,27.429211803754356,153.66979204254505,10.800862078378112,35.12691298391856,445.63128496668185,10.02416325374523
2024-01-01 01:56:00,26.07344153798229,84.8862367883891,5.914868373977549,49.73627125495254,532.0970255105046,10.592514621360941
2024-01-01 01:57:00,13.731401177720716,102.1502118517763,13.774608626303804,34.78276354322204,584.5894075209405,10.394865230045957
2024-01-01 01:58:00,27.851179969799556,144.4961023834449,7.65600042588706,30.10025378165112,425.039225496815,11.653966184753221
2024-01-01 01:59:00,20.786844838313016,139.86077523069267,6.295149212828042,37.87927296076607,664.7249105222016,10.489365418687315
2024-01-01 02:00:00,26.14880310328125,94.76168154851018,13.887480798689772,25.934252552767315,641.0810606324605,11.535651437907216
2024-01-01 02:01:00,27.921825998469863,96.74794586693682,14.556514982297534,7.706405417035334,551.5620320729914,11.762118718583617
2024-01-01 02:02:00,16.360069499437277,109.63776822331056,13.621276172654506,30.30335671450594,690.1379845777511,10.754398323068365
2024-01-01 02:03:00,12.201038490553536,118.7618388152817,13.09516074724878,48.093137802742106,525.32829378253,11.801874916479662
2024-01-01 02:04:00,14.558703250838834,129.46038172242368,11.552419806390217,12.888632406094683,695.2330957109493,10.630099718719025
2024-01-01 02:05:00,18.542155772525128,109.51309116558178,10.508573706091394,36.050220086929954,600.3759996410881,11.920972516278237
2024-01-01 02:06:00,26.36029531844986,117.00277729065184,5.869867599114102,14.042015989657541,590.4013819761824,9.99643695395626
2024-01-01 02:07:00,27.214611665126867,139.79767505070052,9.084532130706986,29.11224580128866,449.7864685887355,11.311442386307135
2024-01-01 02:08:00,10.139042610623815,82.93465623124783,8.72688517012314,9.350440234102383,664.5783274913931,10.886390889005243
2024-01-01 02:09:00,20.214946051551316,100.19495554752166,7.597537837603262,25.26669213161833,528.2469063761846,10.652827372002424
2024-01-01 02:10:00,18.348220062975578,137.0679668707642,12.234201136885849,39.027349800286075,448.6700217347438,11.191966133246922
2024-01-01 02:11:00,14.442156209414605,151.61654701497594,9.958757350787709,20.640718590754194,403.7822559927277,11.348485601595529
2024-01-01 02:12:00,12.397307346673657,120.93419536925329,5.810462159076479,34.92102760192481,567.9267050915148,9.80959919323068
2024-01-01 02:13:00,16.75230342807256,122.56907882122525,7.201832019498113,40.79524823553781,558.2198866368029,10.167296795243837
2024-01-01 02:14:00,28.858194078250385,88.57376090718208,11.83258763659596,46.72300187657537,615.8060867107475,11.368701311395501
2024-01-01 02:15:00,16.464058640415104,115.79298934587638,5.761308594903002,15.558893683495409,667.0774159053406,11.266047909872054
2024-01-01 02:16:00,20.37581243486732,122.60938131640185,13.512069140487688,22.969216211418868,423.8219753929089,11.92530451128309
2024-01-01 02:17:00,24.060379177903556,99.39764029077837,9.951465270139742,11.858720599868786,619.4489471021087,11.474283138551723
2024-01-01 02:18:00,17.27259204758588,101.53945847595048,9.80586577326648,49.661757597126886,456.22358322927465,11.891699957008944
2024-01-01 02:19:00,29.435641654419214,110.18273304836981,10.924077846595175,46.71504355659329,657.4531159471492,11.345589103376575
2024-01-01 02:20:00,29.248945898842223,81.60569582221811,13.246809659251491,29.29807086262518,645.7190541584969,10.455714859006775
2024-01-01 02:21:00,15.035645916507283,105.76633324665426,8.47809207902193,42.89149824693896,562.2381264956633,10.031802828951886
2024-01-01 02:22:00,19.94497011784771,96.91584055972356,11.780161525590636,28.4431089772419,613.0728395869935,11.520012499358858
2024-01-01 02:23:00,16.017566196335395,106.19978817423316,10.657319639957912,33.06135596012419,494.3050339551245,11.217128287247014
2024-01-01 02:24:00,15.696809887549353,89.5809705455401,7.670282701694213,9.010599445220748,541.3503696798443,9.906009227265253
2024-01-01 02:25:00,10.737738947090655,151.2421824591916,13.78629986355158,38.987168922356354,646.4910693131415,10.592111024982152
2024-01-01 02:26:00,22.191286679597937,127.48739628432389,12.97426021606928,10.747106763585567,537.7795591519641,11.90495959406543
2024-01-01 02:27:00,20.05358046457723,134.32818553155917,11.584518346584254,42.173043361363774,507.33947959763253,10.900882520562444
2024-01-01 02:28:00,11.029575024999787,143.13369908858706,13.505817290942419,40.191263945167364,548.26373417509,10.75200409924335
2024-01-01 02:29:00,15.57292928473223,119.87537591432458,13.672942009598025,36.893511398433944,648.4747757311656,10.806939131350447
2024-01-01 02:30:00,28.165317719333075,86.9536230469939,12.083629767150349,6.627217123614296,500.56241421126185,10.25954199281136
2024-01-01 02:31:00,14.791237813339448,122.96852334548382,13.37013328363672,18.640776017539785,452.12847794072314,10.61115577590255
2024-01-01 02:32:00,12.897897441824462,126.94728944167034,11.974714616692836,16.840065645987927,613.6042060992343,10.613589163171788
2024-01-01 02:33:00,19.78905520555126,139.63515793474642,11.801407717603004,21.20613833621836,647.7934638124245,9.91518104441244
2024-01-01 02:34:00,29.713009082212015,114.53276369837435,11.186113782151843,8.943923604372735,430.19124355706,11.488648782739421
2024-01-01 02:35:00,14.841105430230009,90.2064242236451,12.527166395576412,47.163102036397824,471.9622338267834,10.716309750188534
2024-01-01 02:36:00,23.442710948117572,102.70207246389796,6.586051052930737,29.921100832056933,442.59159692829815,11.608795750996132
2024-01-01 02:37:00,25.23239230657435,109.0465837118908,13.808707591989284,18.74859397961106,504.38242347464995,11.67076560246377
2024-01-01 02:38:00,14.752750879847994,131.6733793065281,13.71843527745232,22.864168268342755,535.1052936716238,10.266386920337048
2024-01-01 02:39:00,24.56432697223719,125.66226437351295,5.2924728303455915,25.124114322717606,624.647901088992,11.246177660774283
2024-01-01 02:40:00,17.355662654385064,108.48773807182769,13.258167505647627,32.02674500122778,595.3442754645023,10.83901996915856
2024-01-01 02:41:00,22.64611661187159,158.92121990343838,6.2886986747344515,28.2055742463424,586.2785702435293,11.736344823427267
2024-01-01 02:42:00,22.670594215217896,128.46198554855096,8.35118854259142,46.37263879464878,505.7124839828963,10.274629494188199
2024-01-01 02:43:00,20.71549368149517,98.97814333887956,12.435082562916078,27.363356730762362,652.434265925428,11.291189040682097
2024-01-01 02:44:00,11.805795401088165,88.14259780963229,6.607598960483082,49.64711066704907,541.3861502194494,11.13705466895599
2024-01-01 02:45:00,26.70604991178476,92.22873113474657,13.179670241190621,43.31412309852931,693.7314814045463,10.449663250658032
2024-01-01 02:46:00,16.415601299434716,99.67661827076066,13.32134177957742,14.382973146080111,590.2426414887211,10.10052198803258
2024-01-01 02:47:00,13.730370207997085,92.85450986076445,10.074677337608362,46.876784658976234,437.8794224693508,11.233607473050009
2024-01-01 02:48:00,10.815502831095278,94.92536192410446,5.063858717168336,10.236487904846424,602.8532686226301,11.424914407891128
2024-01-01 02:49:00,21.817858863764837,102.80761349550777,7.870381331749128,41.78523688210362,497.5312046295097,10.494380156279371
2024-01-01 02:50:00,23.55128723684565,93.86988762358038,11.169269183757422,22.128048206446103,605.8981590058293,11.21863172884909
2024-01-01 02:51:00,10.331756578557123,151.74123397011402,14.811861780274235,44.508844420028126,420.8923444487217,10.669287996745307
2024-01-01 02:52:00,20.24186116598562,86.41869965293138,11.318135270166684,44.06255105483527,452.4644311527878,11.36905514322176
2024-01-01 02:53:00,14.529915503958758,121.96091116562037,7.598035810641598,41.26664300529295,656.7211776717359,10.238273604766917
2024-01-01 02:54:00,22.903455808188998,112.83174615917292,11.340057030996114,40.551369633817764,468.15386710705445,11.758473005799583
2024-01-01 02:55:00,13.48732858009983,158.5902893526885,10.399853797158555,18.710561259411836,651.112337572882,10.432301112224277
2024-01-01 02:56:00,23.81875476204932,88.96311217344419,12.798453951511437,8.641367737306348,483.7828265363231,10.609129173063536
2024-01-01 02:57:00,17.734706926010748,111.82844792365933,6.069806388269584,23.134108044432267,592.8645730176123,9.92780229457677
2024-01-01 02:58:00,28.73459977473469,157.5576346620295,12.61027902502028,12.80860317439289,608.2451720529493,10.045326867106809
2024-01-01 02:59:00,12.750418882919865,149.24057007151842,10.412665786761103,36.272799000610775,553.7964259435159,10.934896185967123
2024-01-01 03:00:00,16.82132702100517,145.36576567594238,14.629920038589946,20.57448769420035,491.59320300901936,10.388703888801539
2024-01-01 03:01:00,12.269470424811782,100.63222616359519,8.418721660386861,48.90245903869617,463.7933129113288,11.638056496632828
2024-01-01 03:02:00,28.493872365571256,93.67100699120526,11.326218931339481,33.84374348053994,409.9568063687279,9.832325455040898
2024-01-01 03:03:00,27.54678706761962,133.49145759395446,14.320281055100175,42.011625363546244,491.18392037221713,10.63400690707826
2024-01-01 03:04:00,15.158832554303112,154.35007913020686,6.025097279906793,10.963610273383178,595.9488371593849,10.542160202892005
2024-01-01 03:05:00,23.19968092068358,124.54103144111438,14.372284872364512,43.790651702268015,681.4914455345448,9.842520788018723
2024-01-01 03:06:00,26.344444004024318,125.72901515759199,11.878857223008133,46.52407357310275,661.3613446789157,10.073610477801124
2024-01-01 03:07:00,21.10401623198925,102.39832749282273,5.678370591051719,26.917786346852115,629.8194329605908,10.710013884820999
2024-01-01 03:08:00,20.59301156712013,141.55943465535495,8.009635669468162,32.281382198793985,636.5342029759896,10.884302085784382
2024-01-01 03:09:00,14.837045818009035,94.96349988460187,12.081720886452816,39.416441040634794,599.4954710427986,10.689437443960713
2024-01-01 03:10:00,11.862055356117985,105.89433891233949,5.673506014687717,12.867738226718565,478.0860572698009,10.968062892506607
2024-01-01 03:11:00,27.944315159066534,114.03491508931334,10.821704601762733,27.61547344085491,672.1585092117489,11.1092896847925
2024-01-01 03:12:00,28.008361143266608,120.6088302947564,8.458830569529567,22.93983624975409,601.2196935717502,9.821832406481239
2024-01-01 03:13:00,22.66202914546536,99.39277859320642,11.20915517767477,11.58682964730121,568.132189294132,10.82100935079771
2024-01-01 03:14:00,16.780595820974014,89.18694597913628,5.457420338125129,21.539049003118915,433.2968407640443,11.919698329952695
2024-01-01 03:15:00,16.984191492253217,128.8496033953306,13.715368061523762,8.067753922347212,534.1166631419276,10.941871016285008
2024-01-01 03:16:00,24.519113577404788,103.09044425922046,14.734889691773969,6.161535812726914,538.1074813605778,11.290592988409697
2024-01-01 03:17:00,27.942205199051543,126.49905771380898,14.688778552856915,11.082483011967025,659.369082856801,10.486100487417144
2024-01-01 03:18:00,27.741728485302346,92.34901722193618,12.496518317429247,48.34018002151282,563.9944660563365,11.502781031936077
2024-01-01 03:19:00,25.597510917152476,118.4912081483854,6.30086240130632,29.728829115275765,514.1201646911229,11.500427260127454
2024-01-01 03:20:00,22.840632923085757,122.60715460412686,12.582631959290225,48.4619972518949,693.0400985531978,10.946851304839106
2024-01-01 03:21:00,11.682799299900976,84.14588294579416,5.245869164588015,24.462404524855938,433.2161779978947,11.94723041121427
2024-01-01 03:22:00,13.232574281892276,106.92834225551366,5.2212355152899725,19.03172598883668,526.7645284935834,10.076210472477838
2024-01-01 03:23:00,27.971083770541586,90.75317415511793,8.236102191495412,27.776383827810985,412.6074025514216,9.837284862757079
2024-01-01 03:24:00,22.1285811931918,85.06999763782142,9.886431904046658,24.778025988480955,621.9712362300791,11.494348065865612
2024-01-01 03:25:00,10.183941032332593,159.1968185911956,12.704074178077931,9.754910791778476,675.4229656597452,11.575742182202742
2024-01-01 03:26:00,12.029430857320643,105.78830759797783,11.832953766065053,33.837184161059284,484.0111988651468,10.064455904065268
2024-01-01 03:27:00,23.270035382161115,144.7899556683708,9.459027063767483,14.721718212931982,657.5025030397362,10.384282232508934
2024-01-01 03:28:00,10.101231676924375,100.3712523811011,7.736266662816659,32.88145797040233,487.66546913856934,9.838615199406584
2024-01-01 03:29:00,13.216161028349973,134.52021777791435,14.971245001577111,34.259049157916905,673.2310484931745,10.445278943717243
2024-01-01 03:30:00,20.974675787331723,140.81822879117493,9.261813022359728,11.841118390789164,626.1885710790352,11.500912122621077
2024-01-01 03:31:00,23.837903953853864,127.65109924862755,9.513870243296754,7.760733219980067,641.4720330524316,10.939513160967675
2024-01-01 03:32:00,23.03922519005201,117.72609508401267,6.636238211916692,40.13427137307979,405.40196668013635,10.565810304970235
2024-01-01 03:33:00,14.485386189211196,112.94727313178149,12.948095487499295,25.691019069619408,688.8431071222078,10.617826448793927
2024-01-01 03:34:00,24.24358442695072,107.90946132343961,11.936822257814885,7.6173707977464105,618.0012976210969,9.80297797657403
2024-01-01 03:35:00,14.744981749936002,154.36233153982607,7.207696127887604,49.76898427263952,491.42532861584,10.459561160643519
2024-01-01 03:36:00,16.507993963185356,146.44955262301835,5.8238104561584265,7.600125244836499,648.8183994576541,11.222209231603447
2024-01-01 03:37:00,24.92982810236048,157.20215285332102,11.80499302074713,36.27658529863489,484.456359524479,11.943227776395986
2024-01-01 03:38:00,22.992657980944294,89.94377787884358,11.545112142811352,49.265551636853615,661.8261518698384,11.663533819364579
2024-01-01 03:39:00,26.98446820988356,138.46939801629154,7.7325952699820935,15.763104689716652,433.7741171235811,9.851908922220165
2024-01-01 03:40:00,23.15225784600687,155.06723654568304,14.508635622504103,11.401221590923829,611.1057932382387,11.776833330284646
2024-01-01 03:41:00,21.36617206670943,94.4986452932528,6.510578917809003,10.4623222740093,562.2095429934731,11.523036509256977
2024-01-01 03:42:00,11.87349535656185,85.3197013893422,9.32334801042602,18.647381640541802,428.96034105863225,11.516827471856157
2024-01-01 03:43:00,17.35431606118867,139.28965194320472,14.436159201675988,9.5470614954791,472.5681484776517,10.807590669807858
2024-01-01 03:44:00,15.304047353634509,125.95784905439295,9.197273169261223,36.147260376235934,403.72121088319443,10.675611644499906
2024-01-01 03:45:00,14.87979286758167,147.34630214066175,11.385259476640854,7.803130915852821,540.6303896393517,10.466414603433025
2024-01-01 03:46:00,29.460211095048912,91.18179013010317,8.975943979627942,27.923995766740536,490.3795782280001,9.944528689699606
2024-01-01 03:47:00,17.861954493335208,143.62138494879122,7.7421520234867005,49.85135842338396,579.5072452893277,10.302117799686139
2024-01-01 03:48:00,27.840931103542268,96.13018560381957,14.839776479598282,41.628662127770845,489.1713423125851,10.342527996951654
2024-01-01 03:49:00,22.622772519945258,93.09247542925635,9.09334006315043,32.68487472039549,489.9757334520954,10.864969553362444
2024-01-01 03:50:00,25.896226070832967,93.14126383447943,13.940992036791345,18.781412935397526,622.957959619481,11.444377694512728
2024-01-01 03:51:00,20.052741862103844,145.16597761851057,7.299546058910861,33.07531263312373,414.442850793506,10.842381622475482
2024-01-01 03:52:00,21.53807769252718,133.215777655696,7.131047040250833,28.716865876024322,670.8684985575962,9.927257788783754
2024-01-01 03:53:00,19.850353876377277,121.84523398152955,5.311340828845114,24.173752275066718,655.6791623173544,11.907137562174048
2024-01-01 03:54:00,13.90485975596089,108.7064387298802,11.516668253758851,10.881966953308975,600.341404967922,11.873993502007046
2024-01-01 03:55:00,24.44904230523011,150.17604326504866,8.685263437237612,44.897189685821004,577.9664710322153,11.527416994926499
2024-01-01 03:56:00,15.615447248817116,111.39560859381083,13.64358249839637,25.24030919695951,667.6907494418956,11.980921383441284
2024-01-01 03:57:00,10.486319328629076,145.32795515772617,9.732099066915572,13.758013031934428,455.59905385861435,10.99786113216058
2024-01-01 03:58:00,22.909445918143355,115.13079268561748,14.681934279147217,21.549170789478033,423.6907486572486,11.918090370557053
2024-01-01 03:59:00,13.542213588140978,110.15555435399261,6.855255157031212,23.635838863801716,471.8530509728614,9.966331089356853
2024-01-01 04:00:00,28.809171687058285,117.01438285356852,13.686231679556109,42.23920530050934,638.3734836100571,10.604497646175018
2024-01-01 04:01:00,29.078571540051747,104.11022993313136,12.765968527917417,38.01264712526309,410.401080017945,10.295838789614885
2024-01-01 04:02:00,28.29728780440897,139.80875041410007,12.70921844644052,39.61872021386029,574.842050525047,10.230832785095394
2024-01-01 04:03:00,17.403174005108887,120.21763120739834,13.447832281168877,5.496406899289124,698.6312548573931,10.109766487563888
2024-01-01 04:04:00,10.309132330577349,98.57701561174538,12.610239909429989,23.72692991808927,656.7088281512617,11.169310011445193
2024-01-01 04:05:00,28.566371251754507,151.96596586196546,11.262203216314154,26.66048682358956,556.4337067130768,11.51890808264407
2024-01-01 04:06:00,18.563682966346285,110.71129770985692,6.312448776823876,5.863652457037551,419.0922727859927,11.072256478724794
2024-01-01 04:07:00,29.333096380873393,123.4842288891191,5.325261794912519,16.69159439352654,649.4120543157129,10.123317961094061
2024-01-01 04:08:00,29.272399541785056,152.51776887716375,14.208478478156868,39.21304204049608,579.6935524531632,11.584472293853636
2024-01-01 04:09:00,27.060189109347203,129.93903967311937,11.16650314520738,11.169936757804958,434.47989911787005,11.199100355760203
2024-01-01 04:10:00,15.888977841391714,89.35184325666913,12.965372909761763,29.088955915366626,428.15718544700684,10.65396455347939
2024-01-01 04:11:00,17.701954572038506,155.18656988907802,9.815223515125501,14.684084240775688,672.8880458309777,11.283086650179339
2024-01-01 04:12:00,27.022733430337137,130.21664424571344,6.173081889623945,5.545434858975197,600.7600788814235,10.371790954334234
2024-01-01 04:13:00,16.338440103125553,106.79244917256689,6.251857922025504,15.854065591979367,648.7860397950267,10.559422858687263
2024-01-01 04:14:00,13.38985493372185,91.14176581307098,11.855652872289713,48.91431897095242,663.6936700846802,11.818468854890378
2024-01-01 04:15:00,21.136025249167005,143.52201514162368,9.303058948994627,41.06917003473453,571.5317056144967,10.439109912477125
2024-01-01 04:16:00,28.72309548321562,129.60582047428107,7.005247267003368,48.1809489944465,555.2339055265124,10.833974189947462
2024-01-01 04:17:00,23.92059593349946,122.67688735810572,9.91594546741437,26.95343197668631,529.128223096297,11.758310502271232
2024-01-01 04:18:00,21.4012234017873,151.5114066440766,5.642089370751341,9.938128940487658,495.0839763373358,11.356986970588562
2024-01-01 04:19:00,11.94352987541537,143.08777689796244,10.819714019143987,29.65817700381618,530.3787882576136,9.936847097562346
2024-01-01 04:20:00,22.300144533983396,92.1339903786201,7.689934044350977,25.44698005519824,632.1638967190469,10.124066697413735
2024-01-01 04:21:00,29.801077002085265,104.93776542364387,12.975591006371882,42.99606872328272,580.5770293045395,9.817251499698218
2024-01-01 04:22:00,12.80168030473048,99.87913118515726,8.103619589235738,9.413716135291008,667.7569869864539,11.18802793850416
2024-01-01 04:23:00,20.366593047274733,139.51570340581415,9.552201490818012,26.97085116598002,533.0140043137563,10.78488153590292
2024-01-01 04:24:00,27.547461438559107,82.68259477886235,5.116205399081006,11.75218991122929,582.1268736156262,10.095404671985007
2024-01-01 04:25:00,24.815372355084087,125.59117478970532,5.724468877945589,19.610416710052696,589.3922659275966,11.907455066324895
2024-01-01 04:26:00,23.94031481990536,140.99669485925523,8.924935564066848,38.18106848245098,577.5091486918976,10.965251392680365
2024-01-01 04:27:00,24.049681679742186,150.14125094093995,9.799388347171234,26.420815821594495,610.7901319256549,10.332165247048357
2024-01-01 04:28:00,17.189823024395103,107.36653989727259,11.000205481193037,21.91497283155962,471.23004051244186,10.901327856540357
2024-01-01 04:29:00,15.871836885289866,145.70058437376105,7.916625787093032,22.75143253565159,553.7091332637372,11.295164732017238
2024-01-01 04:30:00,26.187223109570272,88.85053895641659,11.949818861265426,25.675104578269398,431.2674408425043,9.967726279541843
2024-01-01 04:31:00,26.202267893583617,147.71618333876145,13.601223971892045,40.32574447266756,515.3533982934438,10.404348393105362
2024-01-01 04:32:00,27.341446371602075,90.1990929865586,12.798509888933499,45.14381100231055,546.3001205863793,11.575324079944785
2024-01-01 04:33:00,28.264811051129428,111.78298324482938,5.3961882534835715,47.99006089267677,595.6672778636417,10.811262714885855
2024-01-01 04:34:00,20.226847977218757,143.7836292623643,9.805069472578289,40.410652381488276,685.159315775861,11.002469712471049
2024-01-01 04:35:00,20.030325893743992,91.9933941879019,6.049301784181749,19.19331030866057,580.1953199645068,10.752195204860833
2024-01-01 04:36:00,25.965903579335503,98.34011161861132,7.4204501586252745,35.966061773894396,623.078174852968,9.896579873814613
2024-01-01 04:37:00,22.999278615555305,137.7802054714453,14.866625932671464,24.692140582492637,551.8798178485608,10.164649515604344
2024-01-01 04:38:00,24.03933754515407,137.60292292368595,6.4249554290151325,16.460177992072303,590.2312094128994,10.78019160523216
2024-01-01 04:39:00,25.91585338872202,131.2918106308238,9.98888153451356,42.83922107416652,421.279664840132,10.260208023897441
2024-01-01 04:40:00,27.800106836351326,135.51587555736802,11.18155734318119,6.7291857033046245,476.3174742525541,9.909953863051294
2024-01-01 04:41:00,16.759903137030715,123.4179554678077,12.024649705441039,45.57928964609406,508.5559279615416,11.656029260914012
2024-01-01 04:42:00,17.51165905279888,100.14392471255621,10.596486834869141,25.766485908113037,541.748006501954,11.958623564161055
2024-01-01 04:43:00,11.87963879681738,107.65567948031355,5.097708474191837,33.674066456372614,413.69462365071513,11.544914322792827
2024-01-01 04:44:00,21.56560281992348,94.52781734411406,8.264613082439919,34.67092649926022,442.0072292659953,11.678326827750269
2024-01-01 04:45:00,10.718845475934842,152.67604490669027,10.177116433847115,45.280298331794135,483.04429233739177,10.3323496866975
2024-01-01 04:46:00,19.311960362649202,126.67134358128963,5.878664991448334,33.650135697524334,691.4598072703152,11.91337934612904
2024-01-01 04:47:00,20.85289269415153,112.06811334109119,8.506269312091808,32.627011314202775,499.40410213091525,10.233236549797542
2024-01-01 04:48:00,15.730825042565687,116.96046429153061,5.332031087913665,7.999341825231048,544.6123174336248,11.89314558279603
2024-01-01 04:49:00,21.816665211380215,155.78266716894524,5.785784971550207,28.328360987534182,458.82931382151787,11.988602446725093
2024-01-01 04:50:00,10.610004998780989,92.26811224928642,8.96923276201596,11.757605036766876,583.2340213227305,11.365790172641308
2024-01-01 04:51:00,10.746963774984287,126.89838656134378,6.327157540430603,38.18451959246685,484.2049646547923,11.958516209942008
2024-01-01 04:52:00,26.452011213193167,120.47109431075728,10.67540848261558,28.04998643657035,462.09777353152805,11.05298751504763
2024-01-01 04:53:00,17.20381282822526,128.91633883477184,11.894649691372656,35.6102500643759,554.9717885337938,10.370991922987399
2024-01-01 04:54:00,12.541210253037695,81.44881470566725,13.005866991090828,6.875280527107292,401.65173974812626,10.761390948464367
2024-01-01 04:55:00,20.444865201096086,149.76991271553212,7.001502442448101,8.815640722061145,402.2992097947676,11.105834057833329
2024-01-01 04:56:00,25.399871061972217,154.56946259868897,6.674825822590698,37.2345524628207,465.7206427305573,9.960779436459434
2024-01-01 04:57:00,14.316420549936863,125.21065468713672,6.045678403344002,8.243795119940302,411.01640875024634,11.169155182157942
2024-01-01 04:58:00,22.457809516380003,135.7320659101514,11.364302495436366,8.206552749436637,432.4077262392074,11.958591240877048
2024-01-01 04:59:00,11.70694929987536,153.79995049418366,12.064757264869012,5.544881385569935,501.6581948016255,10.218236829524201
2024-01-01 05:00:00,11.033634423372154,136.57909074507188,5.31586144825642,48.0425629234766,640.7757038739438,11.543709255834443
2024-01-01 05:01:00,20.62709263136296,92.2031234331409,14.362122462436899,38.18787617565531,571.6145930107903,11.797377346315162
2024-01-01 05:02:00,20.81270243220213,126.10306881334506,5.519712836514724,20.896313382592886,553.8003177869249,11.876143504204485
2024-01-01 05:03:00,22.748598029964132,128.5372037106285,10.412963353010705,18.344101157944486,488.0466469624365,11.912298329691984
2024-01-01 05:04:00,24.52182667445323,113.93045370419088,12.090605194509164,20.73664533856323,679.5261158298449,10.947211205187239
2024-01-01 05:05:00,29.51704158925069,138.91553884997782,13.709691237460856,39.85940890315318,519.1045123711575,11.950077397581309
2024-01-01 05:06:00,20.326006966023904,154.74936118152118,12.140869321324278,34.76167749816865,426.1278300387314,11.466082455695766
2024-01-01 05:07:00,16.45912945882492,154.0454810325421,13.017280830697919,13.333800554036056,585.1199548353404,10.155677159721316
2024-01-01 05:08:00,25.90372389537407,116.06714971233058,8.39450192542806,12.834920090033796,434.1515180429804,10.849180234229534
2024-01-01 05:09:00,15.416645025241484,89.05904366726043,13.148251137465122,9.42780423710288,503.56694284050764,11.38032858581841
2024-01-01 05:10:00,18.779428414112722,158.78729591698675,5.801148463846752,34.71362238656022,552.2235816153427,10.344148694801984
2024-01-01 05:11:00,11.569127626845319,147.11184691567473,13.948166560605276,39.39676979997812,662.2667574055528,11.209353403807553
2024-01-01 05:12:00,10.50701486830915,89.97301449626134,10.475923761537363,16.92708927462518,548.0639741020356,11.266521053902563
2024-01-01 05:13:00,29.252968293558503,153.66735060938979,13.172977699624937,5.942523246391077,610.6776298094993,10.157939436378845
2024-01-01 05:14:00,26.719602410244118,149.59170896497028,9.523182845183001,8.69772503643923,697.8450516997211,11.043187687396063
2024-01-01 05:15:00,23.91948412187396,121.50704457008577,11.435776951965249,48.55370156802637,439.44673596939447,11.497579204152936
2024-01-01 05:16:00,18.179058888285397,127.30203485959434,10.264026609361132,18.295014986483913,482.41945765585587,10.897570461979072
2024-01-01 05:17:00,13.465886401416915,111.92021630961042,12.315895217553319,39.615041652716016,518.3728226792939,9.826626856907437
2024-01-01 05:18:00,13.128740853421721,84.3809311057625,5.816299820305896,33.10986059844187,526.5484535616495,9.819884631974443
2024-01-01 05:19:00,15.004857963291906,106.81577933167208,5.603520839905638,22.187283784380316,523.3063225796637,10.585464556734028
2024-01-01 05:20:00,20.984533294122407,144.2282758878409,7.471032340101464,14.25592679879998,672.2833007669665,11.83762695054992
2024-01-01 05:21:00,24.291918454001248,80.37056184036823,6.595446801131883,10.46238881717329,614.2097933400569,10.30308891512794
2024-01-01 05:22:00,23.203947534354626,106.67993373529154,13.717835665922017,32.675583561748994,582.3715642272111,11.195600115517712
2024-01-01 05:23:00,15.598677938918858,111.85349548727547,7.192139873580443,39.85852012870046,492.8118153588346,10.288566915525307
2024-01-01 05:24:00,29.09730561326388,122.99164823503384,14.758652558191313,33.97569140935088,647.1371152663884,10.507673977251008
2024-01-01 05:25:00,24.75793833391537,153.58844931302085,8.368957917711068,28.863595996212123,686.5181534454966,11.665692597123265
2024-01-01 05:26:00,21.087081050228015,107.7076795492769,6.821179156886993,6.887805054423632,646.3594847650679,11.403495172993884
2024-01-01 05:27:00,22.234414924687044,107.75625615169821,12.89698507142479,48.58199499174727,400.4695315574419,10.009878410089064
2024-01-01 05:28:00,18.3920012485558,139.00009984877988,11.58707775500876,40.94213862445586,590.9204110550221,10.743144446170154
2024-01-01 05:29:00,14.954619790023148,116.17743527118458,9.98195716453139,18.176991651543414,415.3406144326302,9.864173480019582
2024-01-01 05:30:00,17.119453573025233,97.96838583519856,10.553635509376313,49.098664821148276,477.28216610011657,10.85795832252662
2024-01-01 05:31:00,25.15692220928738,116.19516129061547,12.192017782722639,32.08467153363449,417.8574101043315,11.25735482574235
2024-01-01 05:32:00,10.287869772595117,91.26856163038399,7.284547413312987,31.209019619326092,581.1386358848163,10.060705771915934
2024-01-01 05:33:00,12.321452810138325,94.11095892049786,14.963339160567418,38.66329307432895,605.976974047782,10.435546865600164
2024-01-01 05:34:00,10.920052840435055,119.86942181915838,14.747931621467831,41.52964046405619,434.34629141977155,10.675240576104745
2024-01-01 05:35:00,10.814576046379402,113.51403596036383,11.50325686346937,34.54153732991762,515.1516649134938,11.82296825424331
2024-01-01 05:36:00,27.109211680220145,153.187672085448,6.9954245092914515,10.764308586479,536.8709526866626,11.98516103393052
2024-01-01 05:37:00,24.073157187600472,108.99151192933064,11.802282424312914,20.222037769752426,510.71590652827496,9.898804857790356
2024-01-01 05:38:00,19.483476581746505,126.44706802224349,5.721984089791759,46.76376381467224,436.3075001455579,11.474217431689862
2024-01-01 05:39:00,11.95668321302003,130.58114303356243,5.306525022058061,15.107702532973336,525.6843370562426,10.617792946085155
2024-01-01 05:40:00,19.832317502336647,81.04755652706669,7.576828885112137,21.7475160726881,625.3534143425254,10.663408009704856
2024-01-01 05:41:00,19.469435415611315,133.08298976133685,9.626229567393164,24.44345973248882,421.30229935997664,11.459382941363451
2024-01-01 05:42:00,13.464037398200304,94.24287734958011,13.682725054083805,24.77322453625035,424.05400422457103,11.8205381507199
2024-01-01 05:43:00,18.67703298475946,156.8856253975564,12.27169069766308,32.58228121225365,506.43138755079525,11.892042907905607
2024-01-01 05:44:00,17.97009468794747,91.89301822024903,12.42706521199981,47.43841269851184,682.5177134856775,11.069669689284305
2024-01-01 05:45:00,22.31700196104433,113.1699298981619,9.254933344480754,15.831172032462723,600.5717940168743,10.585666550461106
2024-01-01 05:46:00,22.701873017352874,86.82797344629151,8.45934992546963,10.467561933541312,603.6009870017695,11.532607988889314
2024-01-01 05:47:00,10.90608019544089,159.74994014767577,8.710387629846027,13.88617204369718,508.57599725135947,10.352203043177061
2024-01-01 05:48:00,17.492252292529425,120.1756008264994,14.876495637360579,44.911620509417126,578.0982373625616,11.04096286343374
2024-01-01 05:49:00,22.517198314284727,127.6308013856035,5.401091914124825,34.06148656948427,403.039355208323,10.588872615354722
2024-01-01 05:50:00,20.062725171601755,85.3661181910742,13.670314961224486,17.865805515762204,590.8288139228627,11.244588362157328
2024-01-01 05:51:00,27.129796823766444,139.99683763193423,10.786754085723935,41.717612253587774,673.986084272871,10.328877608365715
2024-01-01 05:52:00,23.173872632378902,96.79244744764686,9.386154191895905,43.76164983635462,583.7720405034457,10.221504480616618
2024-01-01 05:53:00,13.258688541628594,151.8443431552571,12.252576604151365,43.09314524106251,662.1095780399035,11.820125990685963
2024-01-01 05:54:00,11.411374948008596,96.41117123856057,9.866689414247029,46.35169401377995,617.1919166398282,10.023968102488983
2024-01-01 05:55:00,22.84838556412631,95.25501765309332,13.734232380816605,16.350845907801272,436.1675249211071,10.91310739701685
2024-01-01 05:56:00,10.530226210832437,82.92397342784759,14.007018640112586,38.97688679358252,670.7359921857526,10.28587612251862
2024-01-01 05:57:00,21.715511625469265,117.76535560879994,9.217209268734553,25.7242773773363,419.9331533067325,9.885645919316469
2024-01-01 05:58:00,28.80460482849915,125.18729066100931,7.768277972350516,42.88993488005277,560.1902417643291,9.879241400241138
2024-01-01 05:59:00,21.50948355751758,85.2566911542682,10.923503285933622,37.7820804722726,442.6411371380373,10.18548789863282
2024-01-01 06:00:00,17.763398524130437,142.04220933560083,14.12363345616691,39.94013509248761,403.5119832192712,11.7068947799132
2024-01-01 06:01:00,22.865764368847064,116.26310677984222,7.106621890056665,34.52728269564822,526.6102780382917,10.421453236749459
2024-01-01 06:02:00,19.165057809830333,121.9512215462064,11.229665835634828,12.984294626136808,488.51221229624684,11.89101017526565
2024-01-01 06:03:00,20.9123357863187,115.26101975505824,11.315602200925206,29.526211350362225,545.800148139281,11.079569044576226
2024-01-01 06:04:00,28.8292961755305,112.06104487002608,12.33113022415281,49.31013827860287,573.1599660203652,10.760551217491287
2024-01-01 06:05:00,17.722052756015486,124.77122650465743,6.315676851272598,47.182462992370354,413.1217216926842,11.076195436272801
2024-01-01 06:06:00,29.223811276478283,92.419219674457,12.158249646820884,6.942818110865526,436.9009885371237,10.93673644749779
2024-01-01 06:07:00,28.107012839121275,94.55425043962168,14.09032520665641,12.416666707824671,567.5927189351276,11.469307758266115
2024-01-01 06:08:00,13.915822695785929,148.94284968108138,6.79683108870242,10.927794805455285,502.95020595179744,10.421491345140275
2024-01-01 06:09:00,11.387226017503309,155.68923697069062,7.375433249238776,37.6690959493383,618.7520462648345,10.576710861520667
2024-01-01 06:10:00,12.015560027548533,109.86474530238024,14.713950940416396,41.800339843562526,595.6874945775819,11.767007465573151
2024-01-01 06:11:00,10.364436513030995,101.65957385148431,6.809769527094898,14.608011483980237,653.681308896972,11.882204328930893
2024-01-01 06:12:00,11.888859215118568,131.51996345912124,13.543850933695792,27.763371182832305,607.7478480007676,11.763628100470244
2024-01-01 06:13:00,23.660135468327137,112.69873368784772,9.922778564480348,42.831636260504,528.9793232170445,10.72278558670609
2024-01-01 06:14:00,11.42377296920458,82.03090845282759,7.472310744031771,37.976069514481274,601.8899867183297,11.51680410661514
2024-01-01 06:15:00,16.379512605875227,92.49220778929524,13.707499012725114,29.40067424713317,482.61435227662554,10.847938613262418
2024-01-01 06:16:00,26.89750621938909,137.2777783077918,9.453052550026655,31.56564607064478,491.8940496334638,10.894587674721425
2024-01-01 06:17:00,10.465438714716518,132.7139153528121,10.148173539296902,27.876224611232598,636.695547976238,10.250296239926024
2024-01-01 06:18:00,26.289369651778717,82.16767940027867,8.592333693997656,18.389680309346925,533.9258549204746,11.100486667168736
2024-01-01 06:19:00,15.637095495468,97.75777295463595,10.929508514349275,30.425989678655725,639.5141021555057,10.209498975057366
2024-01-01 06:20:00,12.363296552433125,98.48598372704572,6.635238725850227,35.99983859225408,646.7267121004835,10.529442337947827
2024-01-01 06:21:00,23.934743307283014,133.75141948789826,8.910815366517607,44.299531213736344,657.2687012983852,11.681066443563857
2024-01-01 06:22:00,22.578856935597678,81.57684302034913,14.694123223352875,33.63311092906616,674.9905707523621,10.255566780263882
2024-01-01 06:23:00,27.54944027054106,88.32868655876591,7.581334327011275,39.25046916694211,529.2955661539888,9.956548227381553
2024-01-01 06:24:00,24.701420876077716,143.99328682985515,11.567366645412921,12.203223572955785,495.66004549634164,9.951816703748197
2024-01-01 06:25:00,26.06961860769697,94.28357296434669,8.251900642246948,25.770086348890544,574.6596239782341,11.869725945106838
2024-01-01 06:26:00,15.640691451426129,132.21968862814998,12.734731256866006,5.419922892219199,511.3517270312883,10.915224963516037
2024-01-01 06:27:00,13.548790875594456,99.05462248373811,6.308736607183498,16.100548903473037,580.3222500400699,10.70070655799744
2024-01-01 06:28:00,25.012295032817168,87.95531142074762,14.698210450785448,37.69077718008522,611.6757587931475,11.583932878217421
2024-01-01 06:29:00,26.13669478534528,99.45377527995632,9.537895413836392,49.631447810721355,606.521505547641,11.638817041403135
2024-01-01 06:30:00,29.810102840013467,137.78135454845273,7.36050463346464,9.463014481424715,512.3658661060364,10.530820272854331
2024-01-01 06:31:00,18.25235353822853,148.45571744850287,5.734967473300126,23.06724421375797,450.0580605096259,11.325959726442349
2024-01-01 06:32:00,17.440361715855666,146.41758916535935,6.697579050875407,41.00319359146218,529.1588015386623,11.496470194874151
2024-01-01 06:33:00,25.528259214839935,111.77468236947638,10.197739485560177,14.181603558300448,442.77824322457263,11.240231511105101
2024-01-01 06:34:00,16.816070805060356,133.44681092565168,8.370031764312863,29.97882271860288,667.0291105551426,10.13350916456022
2024-01-01 06:35:00,28.615146512071295,96.39874363326568,13.288833658826094,37.988208321335364,503.76323822135726,11.726942783737526
2024-01-01 06:36:00,27.168255036860238,103.45181842088107,9.308875236618059,32.71934526170806,446.33792416699714,10.98600801601922
2024-01-01 06:37:00,18.579880547500366,151.7068654816896,7.487142725876299,13.461113057693726,407.63432797172527,10.42143933801401
2024-01-01 06:38:00,25.017421355829946,81.04015388085888,11.171449866040302,20.992305590858273,593.7467158859453,10.735502007962927
2024-01-01 06:39:00,25.090857481693646,86.84068246835744,12.067772168854457,40.27063030184287,591.070695236423,9.882656398877597
2024-01-01 06:40:00,12.062477376718652,96.63090041168218,6.670419079009498,29.94019313594075,502.18124997438747,10.08130696268932
2024-01-01 06:41:00,28.051058133591333,82.12257630990558,6.676192162883177,5.235332609431073,421.5135666542953,11.484202851134894
2024-01-01 06:42:00,20.105047448957144,94.51483480718379,5.3667142693354295,39.244584201264225,522.8886684685696,9.800025596461806
2024-01-01 06:43:00,26.529149322154833,126.64332487757537,12.364020150656405,6.589010972310758,493.36524851901805,10.716444822661042
2024-01-01 06:44:00,16.400992020612236,113.71396404739983,11.638045276218051,38.55802022290545,603.1361919205028,10.949522398388295
2024-01-01 06:45:00,27.91046456992401,151.413736886158,9.746308757498138,14.111625207435683,581.7337748358071,9.92019572400214
2024-01-01 06:46:00,17.784033574683264,145.3954849390753,13.441704489691972,48.11330660537211,509.378118459262,11.940771958539132
2024-01-01 06:47:00,10.216753029605968,107.34538813583008,13.056701529500533,21.557333808593803,465.36776627649704,10.297475728749278
2024-01-01 06:48:00,28.107639528385274,100.75387467450341,10.853543643967521,19.71192273521356,696.4107898466775,10.469237183199818
2024-01-01 06:49:00,11.825733535722671,110.37539265338135,13.682712805132587,11.69996226496001,536.2004863588345,10.46867352696106
2024-01-01 06:50:00,16.3862727518083,127.22359540118461,7.058412100367683,18.75218969705967,606.4822707340711,10.30691665665817
2024-01-01 06:51:00,29.0012393410161,101.4450912658301,6.119196193977279,44.449284282269026,442.16589027350824,9.803242408589886
2024-01-01 06:52:00,29.012142938751122,129.93191262793073,7.697496115169896,49.83504519322613,545.6769098978193,11.404558546993592
2024-01-01 06:53:00,21.46875776246572,112.75293217529924,5.570868560893149,21.573928872808175,408.26101596083964,11.927060099558428
2024-01-01 06:54:00,22.636744243395984,124.16377446815842,10.31169528001032,25.187478392954414,551.636535373135,10.2934456632271
2024-01-01 06:55:00,18.968910439566393,114.89012233082533,14.366056922949614,37.493192219123166,689.2052221353107,11.25870382196753
2024-01-01 06:56:00,15.864215433961292,103.55726076335341,5.3934354066850965,44.87881012092836,515.2620138957401,11.432171919309173
2024-01-01 06:57:00,16.57329090739832,155.87626455697253,6.221099140100268,31.686995038405286,411.69880377247347,11.666535833999154
2024-01-01 06:58:00,23.450369121540767,141.08846353278085,9.521990282834352,22.61865641800232,409.28673727580303,10.72978423342994
2024-01-01 06:59:00,25.0474905887536,91.20905406131621,14.33875017527905,23.56798283818807,516.3960279840609,10.466447992408945
2024-01-01 07:00:00,25.83158087451697,149.47743807183303,8.161561049767505,36.30281659235631,448.0074809389582,10.515649294850668
2024-01-01 07:01:00,25.792362855891078,118.99449585996109,10.072348086883924,5.144821862192541,407.00562889845577,11.367766932816728
2024-01-01 07:02:00,11.824122060973806,151.5641781515273,5.415728590503921,32.881520185692835,626.8640841850531,11.5969148263124
2024-01-01 07:03:00,19.88840609405163,143.98842047578523,6.483432009620889,20.997185469861083,537.5569026645672,10.199550729064526
2024-01-01 07:04:00,11.151175200332887,114.01708035753867,14.86630122958847,40.73887990746879,486.77343159179634,10.616070217947083
2024-01-01 07:05:00,20.990577646474712,81.7975446656094,14.651186964360456,9.184578792040947,670.0249549049443,11.78426843284813
2024-01-01 07:06:00,18.83061002746754,101.49418875079569,5.049399809344096,31.469102012677574,434.8416880601577,11.574725743328427
2024-01-01 07:07:00,27.754083655165996,123.33073717286936,14.51811785423239,26.64378004487557,686.7756486865958,11.966688486077446
2024-01-01 07:08:00,17.018300251041573,130.67825758609177,11.391199378155004,33.90464866573524,494.1900152132058,11.459346171300577
2024-01-01 07:09:00,12.341340328552118,100.63101483465618,13.679182945200221,7.918411751733576,666.5211016926044,10.66502944226143
2024-01-01 07:10:00,12.859833641056717,91.14848592582592,9.54739855633859,31.099270434265907,580.8828629438385,11.099403234788204
2024-01-01 07:11:00,25.230212634349446,146.79441894394392,10.155960285792503,30.266806458178568,648.0122079224462,11.254231359344105
2024-01-01 07:12:00,22.364361266325222,158.75217445628417,9.888465802569202,30.229704248727693,695.2039489631393,9.972602795897673
2024-01-01 07:13:00,12.022453522455805,122.05521458421487,11.668642575461043,32.156944996840465,486.52163134562375,10.997893310028504
2024-01-01 07:14:00,11.682136122299948,93.73434286786429,6.396512547563129,35.4410571751863,688.3406456222779,11.360505822639741
2024-01-01 07:15:00,24.0193826291824,101.78458612154952,5.299735898726779,41.22450498563464,516.8445684707261,10.168106868802333
2024-01-01 07:16:00,11.455260127283871,81.47125412379734,8.079299415911908,17.141932405769644,515.6535714210767,11.517389778336225
2024-01-01 07:17:00,26.437201185807126,153.1439045248399,12.046807627366467,42.12722345810279,502.1161312763517,11.084300117131045
2024-01-01 07:18:00,24.124844543129925,89.42008663121129,7.018534521229483,27.421505701855413,562.4222822042756,11.894887928534708
2024-01-01 07:19:00,11.626975612837995,126.12131804114028,11.734324333249173,8.467622561044902,446.24351295354614,9.893329056055162
2024-01-01 07:20:00,11.69675428170384,101.92441765497648,14.699120461072704,7.634791815979064,566.1134456074034,10.383717502622028
2024-01-01 07:21:00,29.732791570023508,124.33424020126347,5.939007157894184,20.040724341322736,562.5114437230012,11.123418534459613
2024-01-01 07:22:00,17.485415915122406,132.11363106814915,11.726021182251262,40.32036397001604,628.570543781461,10.452431806853047
2024-01-01 07:23:00,17.412842941337818,146.37934429657614,9.437502193045711,36.84564206334121,650.0949885812756,11.371733160956733
2024-01-01 07:24:00,26.25599134515005,96.51370174084826,13.681422543775053,40.48767341025829,532.1324050937272,11.46981162154825
2024-01-01 07:25:00,28.944971547677174,80.87966629267844,6.771497894473859,28.27710753987242,490.6999748054481,10.025535120946245
2024-01-01 07:26:00,29.720021276457416,90.95085040550458,11.926259522261645,24.808954907997077,477.80046919512836,10.93047982125489
2024-01-01 07:27:00,25.067563705178834,152.0014913478484,13.381152896481103,11.635363701782778,458.3871510114616,10.919559222300323
2024-01-01 07:28:00,17.525191710618316,149.91120620500124,14.446142194740233,19.76867391241902,417.29427465970747,10.61241769447419
2024-01-01 07:29:00,11.670014333973375,127.79304817362467,11.832480282896459,24.530871477824387,502.734393650414,11.85243469765328
2024-01-01 07:30:00,25.542938318548735,128.04134883469226,9.971747640084274,8.987019335582776,481.074307639235,11.620513903721086
2024-01-01 07:31:00,21.1680849947161,133.20293396370045,11.178472402012138,14.927537872004507,689.9252157599221,11.333860640201202
2024-01-01 07:32:00,18.484440184939526,94.02970228987597,13.689049844787181,31.920138232868247,567.3126478750132,11.371518598616994
2024-01-01 07:33:00,28.12708770189472,153.1529556739968,10.706097466388297,38.10484014076354,504.1831117091523,10.815775516388863
2024-01-01 07:34:00,12.223949646123026,113.50164199136586,5.303870596968369,49.92563801268273,574.1402802981088,11.826187946412468
2024-01-01 07:35:00,19.852502085817182,110.6510822599598,14.309486955069778,46.990099910460096,441.75901040370866,11.328109939957228
2024-01-01 07:36:00,10.227072895348382,121.513416422627,11.895267510315612,33.915433979083616,533.2131247606609,11.403758335642797
2024-01-01 07:37:00,19.373212839882527,83.7572773420044,11.765133857772465,23.95616239823324,587.8702964263191,11.69571998833216
2024-01-01 07:38:00,11.126065513636746,93.30266950048636,7.156751523977172,33.62798141187047,546.6693495377355,10.40295749655282
2024-01-01 07:39:00,12.376358325361439,139.04268931410962,11.588854702326572,40.35432281361044,520.5336401962973,11.575555988506746
2024-01-01 07:40:00,12.350524935542097,86.62389343401011,8.938644056541584,10.32512859155243,698.1545166699095,10.229529326504283
2024-01-01 07:41:00,22.984206042321272,128.25216875731104,11.51232977041492,23.445720036332972,664.0944286446781,10.559752294938754
2024-01-01 07:42:00,24.920897585308467,99.62792877450568,6.065930303079908,42.79110285360277,587.021787447832,10.538342999393654
2024-01-01 07:43:00,21.667375301943192,111.14364912335813,11.578453046030361,22.27248283698698,570.8132083546848,11.95275603045611
2024-01-01 07:44:00,29.243450969490837,103.09549894165599,14.994137257706665,30.734252205223395,586.1981439473752,11.684381892245439
2024-01-01 07:45:00,17.49741159047408,108.45381731719593,5.48212038860556,31.44962123879892,460.39363234673,11.342573695498572
2024-01-01 07:46:00,15.714241725637216,137.52367241473962,14.771741842213173,13.301431391013772,518.5413229792956,11.399524875553858
2024-01-01 07:47:00,27.371982563789206,103.769737249854,9.069079607228705,21.300594874352978,411.8378598672698,11.036560147685657
2024-01-01 07:48:00,14.471916770389052,125.31237122375177,13.707534503372592,20.05300799338695,542.663811246048,11.883599467638742
2024-01-01 07:49:00,29.264450788812226,118.08403217592797,12.823854840582735,6.178851883942915,562.907375187299,10.891769256341195
2024-01-01 07:50:00,10.243089493796326,133.09369322901185,10.670162609866678,6.088629375110986,468.32492083096287,10.637138961713768
2024-01-01 07:51:00,29.39757653415278,154.94637914598064,12.384492092513266,42.426366965409805,689.2086541496542,10.1586777412495
2024-01-01 07:52:00,10.863198239011522,138.60576777682002,13.78515561301348,17.288186448776557,672.8363832811726,11.529652434974327
2024-01-01 07:53:00,27.822862273961423,97.19523028726054,9.041403216510329,28.313544480746696,616.6429706367718,11.4157766505663
2024-01-01 07:54:00,20.554022181725998,82.49465080490278,8.270331615632387,18.442650811494786,560.0159886296087,10.645581084753097
2024-01-01 07:55:00,29.859295922386007,100.981123543986,11.675933855635847,47.330566030190326,660.9907478943055,9.855425510710305
2024-01-01 07:56:00,11.475931294707976,127.60623445602039,13.078459419412585,16.668354148959818,439.1957031470389,11.645794120979623
2024-01-01 07:57:00,21.077085688026415,84.11406507874003,12.622851347766158,24.33455657325208,637.1529382824655,9.825119563598962
2024-01-01 07:58:00,29.38605071238198,119.7092997760989,12.978136488586344,44.27286127180708,437.4462441900545,11.348139515183913
2024-01-01 07:59:00,20.461956883402976,127.74742791335115,9.35583314812933,42.88701050563139,638.2631987648216,11.934565641397326
2024-01-01 08:00:00,22.58797276270525,106.73951126535687,13.178342161750216,13.374563803082479,482.7302704754071,10.762854921926047
2024-01-01 08:01:00,23.914973779692343,141.67297629966575,6.202090553706085,41.118948940806966,663.1271743054567,10.316941490991097
2024-01-01 08:02:00,19.090821295355465,88.52786025070175,10.444890979608495,25.61840990320517,683.2126281476194,11.35071622209544
2024-01-01 08:03:00,22.55116160168127,86.0110225388647,5.057586604981216,26.733599243840985,444.6387908215347,11.597681912434288
2024-01-01 08:04:00,21.686286238462003,138.25510049628826,8.245858299002702,11.00659875871747,538.8026815196181,11.002146695371264
2024-01-01 08:05:00,28.02316020981978,119.63930529649588,8.66461534871398,8.627068119070609,694.2962134488055,11.92747760556352
2024-01-01 08:06:00,10.908927606829158,135.0721917142189,8.961726916092553,37.75726881381944,545.022230791944,9.913671187647514
2024-01-01 08:07:00,15.619263791844606,114.7861870882997,11.954672066898622,27.34075185598849,659.0642567543636,10.910550316269962
2024-01-01 08:08:00,29.008229681531176,99.71216265912855,8.885581012703458,24.65828161768308,576.6194566393959,11.38059868410961
2024-01-01 08:09:00,27.805275677818326,145.52818541393597,9.486936226225307,37.827870289357854,512.5989723758805,11.697809036528193
2024-01-01 08:10:00,19.11313505571426,143.95327031751833,7.375441308743275,39.44808045459994,485.7350666577611,10.194362346197138
2024-01-01 08:11:00,22.402651956030734,135.57571766835414,8.7325179162934,12.15086754512091,460.9669273258262,11.5600076598801
2024-01-01 08:12:00,15.547623659622653,101.771610978397,7.2726962726315145,32.460131726493856,628.5394574133092,11.0159555665808
2024-01-01 08:13:00,13.762423194475225,127.21845334952697,5.731959237684436,11.09093370249585,515.9621520469084,10.67241810037792
2024-01-01 08:14:00,19.273968098799642,108.87791175520215,11.03448593381378,38.81187887130706,553.3826386602253,10.089773062874006
2024-01-01 08:15:00,17.067044560521055,87.32656586613074,11.682127985550164,34.56298203202128,547.6976440003546,11.703650669599607
2024-01-01 08:16:00,21.67312223701744,153.38508603697943,11.194903460096146,48.04765794875561,573.1837087699394,10.146001057995374
2024-01-01 08:17:00,11.554692739299696,90.94549047351691,9.634940438005724,8.103110736038953,659.6731436873656,10.48153329026002
2024-01-01 08:18:00,29.48789615332333,156.0189883056642,8.797857801792297,7.567462451806444,694.2218030750289,10.438100170317362
2024-01-01 08:19:00,29.72421488959206,115.68046183663645,13.633336495718252,17.69841836119401,522.275262572145,11.71711087521988
