timestamp,WOB_klbf,RPM,Torque_klbf_ft,ROP_ftph,Flow_gpm,MW_ppg,Viscosity_cP
2024-01-01 00:00:00,17.49080237694725,93.51480504577316,12.582631959290225,48.0425629234766,502.18124997438747,11.279946587259577,25.648941734925977
2024-01-01 00:01:00,29.01428612819832,102.28722712255669,5.245869164588015,38.18787617565531,421.5135666542953,11.55269907382102,42.835096673579045
2024-01-01 00:02:00,24.6398788362281,94.16083874213975,5.2212355152899725,20.896313382592886,522.8886684685696,10.351029377343497,27.410814215332948
2024-01-01 00:03:00,21.973169683940732,87.09620270056445,8.236102191495412,18.344101157944486,493.36524851901805,11.174723019135397,31.145722524601457
2024-01-01 00:04:00,13.12037280884873,89.65086968804806,9.886431904046658,20.73664533856323,603.1361919205028,11.057841162916247,28.748392012943327
2024-01-01 00:05:00,13.119890406724053,116.86230144261806,12.704074178077931,39.85940890315318,581.7337748358071,11.632226828934197,27.313511194752685
2024-01-01 00:06:00,11.16167224336399,96.5066974724634,11.832953766065053,34.76167749816865,509.378118459262,11.793391533058774,53.02843806242668
2024-01-01 00:07:00,27.323522915498703,109.14158888384604,9.459027063767483,13.333800554036056,465.36776627649704,9.826744897250252,31.428302706435613
2024-01-01 00:08:00,22.022300234864176,120.27338166838855,7.736266662816659,12.834920090033796,696.4107898466775,11.282843821929344,57.084951274577975
2024-01-01 00:09:00,24.16145155592091,135.23158629034924,14.971245001577111,9.42780423710288,536.2004863588345,9.914038758063404,58.797061013807635
2024-01-01 00:10:00,10.411689885916049,83.14497118728792,9.261813022359728,34.71362238656022,606.4822707340711,11.007489063170183,42.8504187974839
2024-01-01 00:11:00,29.398197043239886,143.9528319127234,9.513870243296754,39.39676979997812,442.16589027350824,10.432792003896093,25.720044906629056
2024-01-01 00:12:00,26.648852816008436,130.23203115927262,6.636238211916692,16.92708927462518,545.6769098978193,10.47490851894871,34.98192973518325
2024-01-01 00:13:00,14.246782213565524,86.54072255590975,12.948095487499295,5.942523246391077,408.26101596083964,10.576508707595185,51.90929053392856
2024-01-01 00:14:00,13.636499344142013,149.88628992854217,11.936822257814885,8.69772503643923,551.636535373135,11.166843387909143,34.69562914788282
2024-01-01 00:15:00,13.668090197068675,153.66979204254505,7.207696127887604,48.55370156802637,689.2052221353107,10.534909924471293,23.48068873211155
2024-01-01 00:16:00,16.084844859190753,84.8862367883891,5.8238104561584265,18.295014986483913,515.2620138957401,11.411937911298617,42.27139643712752
2024-01-01 00:17:00,20.495128632644757,102.1502118517763,11.80499302074713,39.615041652716016,411.69880377247347,10.689960248262514,53.80483405984139
2024-01-01 00:18:00,18.638900372842315,144.4961023834449,11.545112142811352,33.10986059844187,409.28673727580303,9.950377040681909,51.837055485740095
2024-01-01 00:19:00,15.824582803960839,139.86077523069267,7.7325952699820935,22.187283784380316,516.3960279840609,11.524271653465036,27.00492560521413
2024-01-01 00:20:00,22.237057894447588,94.76168154851018,14.508635622504103,14.25592679879998,448.0074809389582,10.428668314103954,46.910584576498664
2024-01-01 00:21:00,12.789877213040837,96.74794586693682,6.510578917809003,10.46238881717329,407.00562889845577,10.752087135118378,28.820170537425884
2024-01-01 00:22:00,15.842892970704362,109.63776822331056,9.32334801042602,32.675583561748994,626.8640841850531,11.307976543088184,28.72830138208689
2024-01-01 00:23:00,17.327236865873836,118.7618388152817,14.436159201675988,39.85852012870046,537.5569026645672,10.531403545727168,54.96287093220741
2024-01-01 00:24:00,19.12139968434072,129.46038172242368,9.197273169261223,33.97569140935088,486.77343159179634,9.924488443522774,29.986758109609205
2024-01-01 00:25:00,25.703519227860273,109.51309116558178,11.385259476640854,28.863595996212123,670.0249549049443,10.62262630342819,30.52989386072045
2024-01-01 00:26:00,13.993475643167194,117.00277729065184,8.975943979627942,6.887805054423632,434.8416880601577,11.877786881927467,20.026135630451982
2024-01-01 00:27:00,20.284688768272233,139.79767505070052,7.7421520234867005,48.58199499174727,686.7756486865958,11.211815674056828,54.82676136502071
2024-01-01 00:28:00,21.848291377240848,82.93465623124783,14.839776479598282,40.94213862445586,494.1900152132058,11.277254127067856,51.70379252836539
2024-01-01 00:29:00,10.929008254399955,100.19495554752166,9.09334006315043,18.176991651543414,666.5211016926044,11.191020738002807,45.09315740362712
2024-01-01 00:30:00,22.150897038028766,137.0679668707642,13.940992036791345,49.098664821148276,580.8828629438385,10.237782705710762,50.01063055755369
2024-01-01 00:31:00,13.41048247374583,151.61654701497594,7.299546058910861,32.08467153363449,648.0122079224462,10.720334501025016,26.081942696979674
2024-01-01 00:32:00,11.30103185970559,120.93419536925329,7.131047040250833,31.209019619326092,695.2039489631393,11.4520675563993,38.33294378350302
2024-01-01 00:33:00,28.977710745066666,122.56907882122525,5.311340828845114,38.66329307432895,486.52163134562375,10.023020374616952,34.04877549395124
2024-01-01 00:34:00,29.312640661491187,88.57376090718208,11.516668253758851,41.52964046405619,688.3406456222779,10.411276107397368,23.75106105028066
2024-01-01 00:35:00,26.16794696232922,115.79298934587638,8.685263437237612,34.54153732991762,516.8445684707261,10.40790203862488,39.44521940859696
2024-01-01 00:36:00,16.092275383467413,122.60938131640185,13.64358249839637,10.764308586479,515.6535714210767,10.750441640707914,56.829586013705416
2024-01-01 00:37:00,11.953442280127678,99.39764029077837,9.732099066915572,20.222037769752426,502.1161312763517,11.956811230072807,21.60236476202778
2024-01-01 00:38:00,23.684660530243136,101.53945847595048,14.681934279147217,46.76376381467224,562.4222822042756,9.948505602704408,31.658436539751754
2024-01-01 00:39:00,18.803049874792027,110.18273304836981,6.855255157031212,15.107702532973336,446.24351295354614,10.94114218763731,28.30163744822814
2024-01-01 00:40:00,12.440764696895577,81.60569582221811,13.686231679556109,21.7475160726881,566.1134456074034,10.194602300426864,29.525866146627852
2024-01-01 00:41:00,19.903538202225405,105.76633324665426,12.765968527917417,24.44345973248882,562.5114437230012,11.935488399901438,56.337382075175015
2024-01-01 00:42:00,10.687770422304368,96.91584055972356,12.70921844644052,24.77322453625035,628.570543781461,10.049267710400422,38.722762169371606
2024-01-01 00:43:00,28.186408041575643,106.19978817423316,13.447832281168877,32.58228121225365,650.0949885812756,10.687922205195502,38.65197651759275
2024-01-01 00:44:00,15.175599632000338,89.5809705455401,12.610239909429989,47.43841269851184,532.1324050937272,11.423346966636133,50.42302569821129
2024-01-01 00:45:00,23.25044568707964,151.2421824591916,11.262203216314154,15.831172032462723,490.6999748054481,11.350019741660379,26.17968816019703
2024-01-01 00:46:00,16.23422152178822,127.48739628432389,6.312448776823876,10.467561933541312,477.80046919512836,10.73000300116665,39.49061416400203
2024-01-01 00:47:00,20.401360423556216,134.32818553155917,5.325261794912519,13.88617204369718,458.3871510114616,10.56235316949598,37.199408564842386
2024-01-01 00:48:00,20.934205586865595,143.13369908858706,14.208478478156868,44.911620509417126,417.29427465970747,10.674747232816316,43.87642762186624
2024-01-01 00:49:00,13.697089110510541,119.87537591432458,11.16650314520738,34.06148656948427,502.734393650414,10.381407778949008,59.98230813001754
2024-01-01 00:50:00,29.391692555291172,86.9536230469939,12.965372909761763,17.865805515762204,481.074307639235,10.25173246515496,50.77795576328188
2024-01-01 00:51:00,25.50265646722229,122.96852334548382,9.815223515125501,41.717612253587774,689.9252157599221,10.862687334629559,35.91462812069709
2024-01-01 00:52:00,28.789978831283783,126.94728944167034,6.173081889623945,43.76164983635462,567.3126478750132,10.390774263348737,53.10212209096188
2024-01-01 00:53:00,27.896547008552975,139.63515793474642,6.251857922025504,43.09314524106251,504.1831117091523,10.43241566277395,26.828334532499206
2024-01-01 00:54:00,21.957999576221702,114.53276369837435,11.855652872289713,46.35169401377995,574.1402802981088,11.244863339644025,21.218547452358404
2024-01-01 00:55:00,28.437484700462335,90.2064242236451,9.303058948994627,16.350845907801272,441.75901040370866,11.930782129739763,28.17793489857092
2024-01-01 00:56:00,11.76985004103839,102.70207246389796,7.005247267003368,38.97688679358252,533.2131247606609,11.128001841230626,33.616462244570386
2024-01-01 00:57:00,13.919657248382904,109.0465837118908,9.91594546741437,25.7242773773363,587.8702964263191,9.969354827542926,40.42323029838239
2024-01-01 00:58:00,10.90454577821076,131.6733793065281,5.642089370751341,42.88993488005277,546.6693495377355,9.966283950478948,44.60516562164799
2024-01-01 00:59:00,16.506606615265287,125.66226437351295,10.819714019143987,37.7820804722726,520.5336401962973,11.893131085860245,56.42422868857687
2024-01-01 01:00:00,17.77354579378964,108.48773807182769,7.689934044350977,39.94013509248761,698.1545166699095,10.454039738676135,40.394160382018306
2024-01-01 01:01:00,15.426980635477918,158.92121990343838,12.975591006371882,34.52728269564822,664.0944286446781,10.002547369381446,40.051025785029175
2024-01-01 01:02:00,26.57475018303859,128.46198554855096,8.103619589235738,12.984294626136808,587.021787447832,11.11789809173084,22.009720392919284
2024-01-01 01:03:00,17.135066533871786,98.97814333887956,9.552201490818012,29.526211350362225,570.8132083546848,11.172027312238585,21.396462106248954
2024-01-01 01:04:00,15.618690193747614,88.14259780963229,5.116205399081006,49.31013827860287,586.1981439473752,11.226710604261115,42.046398476654886
2024-01-01 01:05:00,20.853921663164968,92.22873113474657,5.724468877945589,47.182462992370354,460.39363234673,10.388284461286592,37.52714452993378
2024-01-01 01:06:00,12.818484499495252,99.67661827076066,8.924935564066848,6.942818110865526,518.5413229792956,9.833243505271845,53.567215799211944
2024-01-01 01:07:00,26.043939615080795,92.85450986076445,9.799388347171234,12.416666707824671,411.8378598672698,11.923033812799838,26.427183388473807
2024-01-01 01:08:00,11.491012873595416,94.92536192410446,11.000205481193037,10.927794805455285,542.663811246048,10.351964700520426,20.998866484681983
2024-01-01 01:09:00,29.737738732010346,102.80761349550777,7.916625787093032,37.6690959493383,562.907375187299,11.287257833715605,37.961550717205036
2024-01-01 01:10:00,25.444895385933147,93.86988762358038,11.949818861265426,41.800339843562526,468.32492083096287,11.354585713733162,29.4991422700903
2024-01-01 01:11:00,13.974313630683447,151.74123397011402,13.601223971892045,14.608011483980237,689.2086541496542,11.14201631757487,21.984574933553496
2024-01-01 01:12:00,10.110442342472048,86.41869965293138,12.798509888933499,27.763371182832305,672.8363832811726,10.488396267270026,48.98393147390516
2024-01-01 01:13:00,26.309228569096682,121.96091116562037,5.3961882534835715,42.831636260504,616.6429706367718,10.396411758280944,24.4637199982899
2024-01-01 01:14:00,24.137146876952343,112.83174615917292,9.805069472578289,37.976069514481274,560.0159886296087,11.114870221945948,44.33278000031087
2024-01-01 01:15:00,24.580143360819747,158.5902893526885,6.049301784181749,29.40067424713317,660.9907478943055,11.705410393945721,31.241990006675564
2024-01-01 01:16:00,25.425406933718914,88.96311217344419,7.4204501586252745,31.56564607064478,439.1957031470389,11.88281420363147,26.93984201420088
2024-01-01 01:17:00,11.480893034681808,111.82844792365933,14.866625932671464,27.876224611232598,637.1529382824655,10.032992769688267,35.190060916772694
2024-01-01 01:18:00,17.169314570885454,157.5576346620295,6.4249554290151325,18.389680309346925,437.4462441900545,10.140622947714984,52.057831048918146
2024-01-01 01:19:00,12.317381190502594,149.24057007151842,9.98888153451356,30.425989678655725,638.2631987648216,11.878419769322775,35.68374307618291
2024-01-01 01:20:00,27.26206851751187,145.36576567594238,11.18155734318119,35.99983859225408,482.7302704754071,11.420377502336544,50.03078596844223
2024-01-01 01:21:00,22.46596253655116,100.63222616359519,12.024649705441039,44.299531213736344,663.1271743054567,11.742586414625501,25.019451871966027
2024-01-01 01:22:00,16.617960497052984,93.67100699120526,10.596486834869141,33.63311092906616,683.2126281476194,10.245791795097755,50.91085678660316
2024-01-01 01:23:00,11.271167005720473,133.49145759395446,5.097708474191837,39.25046916694211,444.6387908215347,11.092688916440684,29.477332996265947
2024-01-01 01:24:00,16.219646434313244,154.35007913020686,8.264613082439919,12.203223572955785,538.8026815196181,11.342507107718442,47.09572519555491
2024-01-01 01:25:00,16.503666440534943,124.54103144111438,10.177116433847115,25.770086348890544,694.2962134488055,11.29624614798334,42.631262193639856
2024-01-01 01:26:00,24.59212356676128,125.72901515759199,5.878664991448334,5.419922892219199,545.022230791944,10.697933719906736,57.165788688467494
2024-01-01 01:27:00,22.751149427104263,102.39832749282273,8.506269312091808,16.100548903473037,659.0642567543636,9.833868761720879,35.49290071901256
2024-01-01 01:28:00,27.74425485152653,141.55943465535495,5.332031087913665,37.69077718008522,576.6194566393959,11.08243732496938,22.646607553377617
2024-01-01 01:29:00,19.444298503238986,94.96349988460187,5.785784971550207,49.631447810721355,512.5989723758805,10.35682338619514,20.766219422050117
2024-01-01 01:30:00,12.391884918766035,105.89433891233949,8.96923276201596,9.463014481424715,485.7350666577611,10.79055934151436,53.07434243891012
2024-01-01 01:31:00,24.2648957444599,114.03491508931334,6.327157540430603,23.06724421375797,460.9669273258262,11.906678233184397,40.98942550645729
2024-01-01 01:32:00,25.21570097233795,120.6088302947564,10.67540848261558,41.00319359146218,628.5394574133092,10.677877698813356,51.00976207339797
2024-01-01 01:33:00,21.225543951389923,99.39277859320642,11.894649691372656,14.181603558300448,515.9621520469084,11.647563534661739,29.377024000460587
2024-01-01 01:34:00,25.41934359909122,89.18694597913628,13.005866991090828,29.97882271860288,553.3826386602253,10.214789332648353,33.80334982052935
2024-01-01 01:35:00,19.875911927287817,128.8496033953306,7.001502442448101,37.988208321335364,547.6976440003546,11.279413095655064,21.204154888452756
2024-01-01 01:36:00,20.45465658763988,103.09044425922046,6.674825822590698,32.71934526170806,573.1837087699394,11.949415299765676,58.459692982964484
2024-01-01 01:37:00,18.550820367170992,126.49905771380898,6.045678403344002,13.461113057693726,659.6731436873656,10.024164821920461,46.71471626803253
2024-01-01 01:38:00,10.508382534881903,92.34901722193618,11.364302495436366,20.992305590858273,694.2218030750289,9.818303872899824,57.32820351037225
2024-01-01 01:39:00,12.157828539866088,118.4912081483854,12.064757264869012,40.27063030184287,522.275262572145,10.753882143791753,30.619856297162894
2024-01-01 01:40:00,10.628583713734685,122.60715460412686,5.31586144825642,29.94019313594075,648.2556766318909,10.003776062713008,44.458544449026434
2024-01-01 01:41:00,22.72820822527561,84.14588294579416,14.362122462436899,5.235332609431073,629.3583383964153,11.44644556928771,47.13999873170551
2024-01-01 01:42:00,16.287119621526536,106.92834225551366,5.519712836514724,39.244584201264225,572.058685436672,11.81200706046683,32.70198801030354
2024-01-01 01:43:00,20.171413823294056,90.75317415511793,10.412963353010705,6.589010972310758,686.8141430835799,10.75484613995927,53.9243694006252
2024-01-01 01:44:00,28.15132947852186,85.06999763782142,12.090605194509164,38.55802022290545,460.14235465852084,10.36916561274197,57.88645851600991
2024-01-01 01:45:00,14.9858445829775,159.1968185911956,13.709691237460856,14.111625207435683,432.7792630928864,10.755687301814541,55.394204707840174
2024-01-01 01:46:00,18.207658460712594,105.78830759797783,12.140869321324278,48.11330660537211,656.1885900866266,11.391585199270002,49.5626790375749
2024-01-01 01:47:00,25.111022770860973,144.7899556683708,13.017280830697919,21.557333808593803,531.7449449901245,9.819919155476818,31.09858718899816
2024-01-01 01:48:00,14.57596330983245,100.3712523811011,8.39450192542806,19.71192273521356,654.0906562621182,11.096798776866335,31.264641684225268
2024-01-01 01:49:00,11.53959819657586,134.52021777791435,13.148251137465122,11.69996226496001,667.9270615586245,11.149241706752234,58.53441281784151
2024-01-01 01:50:00,15.795029058275361,140.81822879117493,5.801148463846752,18.75218969705967,418.7372780857214,11.202914143171059,20.41137983742768
2024-01-01 01:51:00,13.224425745080088,127.65109924862755,13.948166560605276,44.449284282269026,665.0394288958182,10.33244857595793,48.64199892968578
2024-01-01 01:52:00,28.59395304685146,117.72609508401267,10.475923761537363,49.83504519322613,534.4957166108267,11.370915991431879,48.24984650221049
2024-01-01 01:53:00,26.16240759128834,112.94727313178149,13.172977699624937,21.573928872808175,553.1297467012696,10.00106126992991,44.907581637991896
2024-01-01 01:54:00,22.66807513020847,107.90946132343961,9.523182845183001,25.187478392954414,587.977753327963,10.238394740226962,59.604353843474634
2024-01-01 01:55:00,27.429211803754356,154.36233153982607,11.435776951965249,37.493192219123166,677.914782019026,11.73043410263986,32.47517743054901
2024-01-01 01:56:00,26.07344153798229,146.44955262301835,10.264026609361132,44.87881012092836,405.7348283289292,11.425190931598447,33.59887455172993
2024-01-01 01:57:00,13.731401177720716,157.20215285332102,12.315895217553319,31.686995038405286,543.0530404953452,9.83024021882496,23.15757611786222
2024-01-01 01:58:00,27.851179969799556,89.94377787884358,5.816299820305896,22.61865641800232,606.3166127291682,10.346427772813561,37.7119254617495
2024-01-01 01:59:00,20.786844838313016,138.46939801629154,5.603520839905638,23.56798283818807,616.8120873094686,10.271694262584962,30.441941049393925
2024-01-01 02:00:00,26.14880310328125,155.06723654568304,7.471032340101464,36.30281659235631,607.7597294611323,10.39577392168134,33.73546808710577
2024-01-01 02:01:00,27.921825998469863,94.4986452932528,6.595446801131883,5.144821862192541,440.33053882243655,10.34463149461575,53.38287161022511
2024-01-01 02:02:00,16.360069499437277,85.3197013893422,13.717835665922017,32.881520185692835,489.81867651150435,9.937557850634262,57.41938054109983
2024-01-01 02:03:00,12.201038490553536,139.28965194320472,7.192139873580443,20.997185469861083,507.61465762510403,10.809669136513005,27.429322880207426
2024-01-01 02:04:00,14.558703250838834,125.95784905439295,14.758652558191313,40.73887990746879,641.3311623038514,11.412013644529564,34.900357262138634
2024-01-01 02:05:00,18.542155772525128,147.34630214066175,8.368957917711068,9.184578792040947,483.6279617243659,11.134809794378361,57.145222484615765
2024-01-01 02:06:00,26.36029531844986,91.18179013010317,6.821179156886993,31.469102012677574,463.21148916016097,11.280317670915776,22.472338427568907
2024-01-01 02:07:00,27.214611665126867,143.62138494879122,12.89698507142479,26.64378004487557,687.2344057114288,9.978528192779727,23.69442112445514
2024-01-01 02:08:00,10.139042610623815,96.13018560381957,11.58707775500876,33.90464866573524,402.65898553404065,11.893279562388932,26.511639568249173
2024-01-01 02:09:00,20.214946051551316,93.09247542925635,9.98195716453139,7.918411751733576,699.3462567045935,11.644682034454654,43.80851336507499
2024-01-01 02:10:00,18.348220062975578,93.14126383447943,10.553635509376313,31.099270434265907,603.0463896572187,11.571198700690458,26.018890840239898
2024-01-01 02:11:00,14.442156209414605,145.16597761851057,12.192017782722639,30.266806458178568,648.540789834735,11.610564371091888,58.72305525802934
2024-01-01 02:12:00,12.397307346673657,133.215777655696,7.284547413312987,30.229704248727693,488.38581890385797,11.851963117892076,37.86858109034081
2024-01-01 02:13:00,16.75230342807256,121.84523398152955,14.963339160567418,32.156944996840465,404.294583300118,10.997358725450136,40.06071841400666
2024-01-01 02:14:00,28.858194078250385,108.7064387298802,14.747931621467831,35.4410571751863,621.360855568459,10.240620439308778,29.86634463221626
2024-01-01 02:15:00,16.464058640415104,150.17604326504866,11.50325686346937,41.22450498563464,650.2433791002027,11.156923937275591,38.83841009738934
2024-01-01 02:16:00,20.37581243486732,111.39560859381083,6.9954245092914515,17.141932405769644,622.1428395860557,11.434339286069466,46.47654530548046
2024-01-01 02:17:00,24.060379177903556,145.32795515772617,11.802282424312914,42.12722345810279,442.8550861902516,11.423418265378857,50.04708547816171
2024-01-01 02:18:00,17.27259204758588,115.13079268561748,5.721984089791759,27.421505701855413,626.0283766770907,10.947187853167136,50.15472330839652
2024-01-01 02:19:00,29.435641654419214,110.15555435399261,5.306525022058061,8.467622561044902,630.6768346322923,9.950609182533872,43.115644507763534
2024-01-01 02:20:00,29.248945898842223,117.01438285356852,7.576828885112137,7.634791815979064,597.5621547010164,10.616448464546282,56.17439099975429
2024-01-01 02:21:00,15.035645916507283,104.11022993313136,9.626229567393164,20.040724341322736,629.8347798386759,11.825686538619387,52.696313892244376
2024-01-01 02:22:00,19.94497011784771,139.80875041410007,13.682725054083805,40.32036397001604,653.7764319033197,11.085787601466338,50.281924587945014
2024-01-01 02:23:00,16.017566196335395,120.21763120739834,12.27169069766308,36.84564206334121,584.0812342712375,10.98433027516257,22.224220867218424
2024-01-01 02:24:00,15.696809887549353,98.57701561174538,12.42706521199981,40.48767341025829,426.58141419090373,10.391477731640826,20.27511848878597
2024-01-01 02:25:00,10.737738947090655,151.96596586196546,9.254933344480754,28.27710753987242,546.2883429001632,10.610587623816475,28.497891087818918
2024-01-01 02:26:00,22.191286679597937,110.71129770985692,8.45934992546963,24.808954907997077,423.2948004014815,11.769761396136973,46.54094375653809
2024-01-01 02:27:00,20.05358046457723,123.4842288891191,8.710387629846027,11.635363701782778,522.2629093097293,11.266218704559039,36.44789955530183
2024-01-01 02:28:00,11.029575024999787,152.51776887716375,14.876495637360579,19.76867391241902,522.1319467376883,11.532251458855132,36.096250371972474
2024-01-01 02:29:00,15.57292928473223,129.93903967311937,5.401091914124825,24.530871477824387,419.8029532420725,10.799559930748842,55.38347552918455
2024-01-01 02:30:00,28.165317719333075,89.35184325666913,13.670314961224486,8.987019335582776,504.64616019084383,11.186543882803548,55.82251392527355
2024-01-01 02:31:00,14.791237813339448,155.18656988907802,10.786754085723935,14.927537872004507,433.29942963739444,10.346443939235057,56.36701056214343
2024-01-01 02:32:00,12.897897441824462,130.21664424571344,9.386154191895905,31.920138232868247,642.4705630027667,11.35201382662367,32.55512306060109
2024-01-01 02:33:00,19.78905520555126,106.79244917256689,12.252576604151365,38.10484014076354,684.3064077893412,10.740722934147342,47.64223250957047
2024-01-01 02:34:00,29.713009082212015,91.14176581307098,9.866689414247029,49.92563801268273,421.6949425773816,10.77360013259244,30.865327250974786
2024-01-01 02:35:00,14.841105430230009,143.52201514162368,13.734232380816605,46.990099910460096,686.5345621875103,11.22850911406914,27.62439332297799
2024-01-01 02:36:00,23.442710948117572,129.60582047428107,14.007018640112586,33.915433979083616,556.7729798010236,11.859817367231638,27.38529829389477
2024-01-01 02:37:00,25.23239230657435,122.67688735810572,9.217209268734553,23.95616239823324,489.8697033861622,9.940813962538966,33.68430483454376
2024-01-01 02:38:00,14.752750879847994,151.5114066440766,7.768277972350516,33.62798141187047,423.05862258284907,11.614435122163417,37.19830479119287
2024-01-01 02:39:00,24.56432697223719,143.08777689796244,10.923503285933622,40.35432281361044,550.1872804211254,10.443242842906825,53.23796684220274
2024-01-01 02:40:00,17.355662654385064,92.1339903786201,14.12363345616691,10.32512859155243,638.3546633472246,10.776622799914032,24.795643738908485
2024-01-01 02:41:00,22.64611661187159,104.93776542364387,7.106621890056665,23.445720036332972,612.1259431800095,9.84820932330502,49.39703389579577
2024-01-01 02:42:00,22.670594215217896,99.87913118515726,11.229665835634828,42.79110285360277,415.0678034391921,10.462301371235489,41.25819656757221
2024-01-01 02:43:00,20.71549368149517,139.51570340581415,11.315602200925206,22.27248283698698,421.8705506103711,10.905788733786288,31.5178137070397
2024-01-01 02:44:00,11.805795401088165,82.68259477886235,12.33113022415281,30.734252205223395,520.8619847897911,9.923587370164366,39.71278338131299
2024-01-01 02:45:00,26.70604991178476,125.59117478970532,6.315676851272598,31.44962123879892,488.587148214383,10.880410604642965,31.997682791080905
2024-01-01 02:46:00,16.415601299434716,140.99669485925523,12.158249646820884,13.301431391013772,469.71529691681434,11.83964338348854,43.843278209532244
2024-01-01 02:47:00,13.730370207997085,150.14125094093995,14.09032520665641,21.300594874352978,484.3013496726141,10.031865079837171,37.35375691420977
2024-01-01 02:48:00,10.815502831095278,107.36653989727259,6.79683108870242,20.05300799338695,641.0448229890653,11.48176960176611,26.57622116315515
2024-01-01 02:49:00,21.817858863764837,145.70058437376105,7.375433249238776,6.178851883942915,678.7684160895562,10.701276317427185,24.663322982227868
2024-01-01 02:50:00,23.55128723684565,88.85053895641659,14.713950940416396,6.088629375110986,521.53080835827,11.241382171953544,41.8678272828852
2024-01-01 02:51:00,10.331756578557123,147.71618333876145,6.809769527094898,42.426366965409805,671.833300639749,10.372520515567505,56.09652133144414
2024-01-01 02:52:00,20.24186116598562,90.1990929865586,13.543850933695792,17.288186448776557,496.4487103743646,10.150882977590989,33.75830746230742
2024-01-01 02:53:00,14.529915503958758,111.78298324482938,9.922778564480348,28.313544480746696,542.9310959031375,10.153017751396698,49.320004288904926
2024-01-01 02:54:00,22.903455808188998,143.7836292623643,7.472310744031771,18.442650811494786,467.80869934479995,9.955082280414919,46.346454197590674
2024-01-01 02:55:00,13.48732858009983,91.9933941879019,13.707499012725114,47.330566030190326,592.1428126527532,10.208422750782734,57.26219657237924
2024-01-01 02:56:00,23.81875476204932,98.34011161861132,9.453052550026655,16.668354148959818,693.6943345524427,11.26128264697573,52.839240691965635
2024-01-01 02:57:00,17.734706926010748,137.7802054714453,10.148173539296902,24.33455657325208,581.0479288130136,11.739719346055718,42.66421035621852
2024-01-01 02:58:00,28.73459977473469,137.60292292368595,8.592333693997656,44.27286127180708,507.34422523406465,11.591076508300556,46.28121992936429
2024-01-01 02:59:00,12.750418882919865,131.2918106308238,10.929508514349275,42.88701050563139,594.3452337971585,11.307295481723866,55.935458663361395
2024-01-01 03:00:00,16.82132702100517,135.51587555736802,6.635238725850227,13.374563803082479,436.87620353961626,10.042950099504427,35.98075138347739
2024-01-01 03:01:00,12.269470424811782,123.4179554678077,8.910815366517607,41.118948940806966,666.5977240796196,10.43621238185109,33.07178823431109
2024-01-01 03:02:00,28.493872365571256,100.14392471255621,14.694123223352875,25.61840990320517,550.925185233951,10.481575125709432,20.432443345407854
2024-01-01 03:03:00,27.54678706761962,107.65567948031355,7.581334327011275,26.733599243840985,534.8049226118926,10.349905282074767,53.06204296765857
2024-01-01 03:04:00,15.158832554303112,94.52781734411406,11.567366645412921,11.00659875871747,575.7594365360558,10.93301245136139,52.039228016134594
2024-01-01 03:05:00,23.19968092068358,152.67604490669027,8.251900642246948,8.627068119070609,587.4351588368207,10.978218392735279,24.178180724006054
2024-01-01 03:06:00,26.344444004024318,126.67134358128963,12.734731256866006,37.75726881381944,421.5327418679539,10.585149145376443,43.07429524530801
2024-01-01 03:07:00,21.10401623198925,112.06811334109119,6.308736607183498,27.34075185598849,604.7851663670207,10.57833614922016,38.559267926675496
2024-01-01 03:08:00,20.59301156712013,116.96046429153061,14.698210450785448,24.65828161768308,472.5795040946589,11.622822315393378,24.74836382036446
2024-01-01 03:09:00,14.837045818009035,155.78266716894524,9.537895413836392,37.827870289357854,614.1857897519769,11.536444266303308,59.22272908242894
2024-01-01 03:10:00,11.862055356117985,92.26811224928642,7.36050463346464,39.44808045459994,646.7604383152591,10.47715082969764,28.58783549853422
2024-01-01 03:11:00,27.944315159066534,126.89838656134378,5.734967473300126,12.15086754512091,641.187552265756,11.810334576521171,22.689367203622446
2024-01-01 03:12:00,28.008361143266608,120.47109431075728,6.697579050875407,32.460131726493856,565.7502902223667,11.896193037405514,43.79389518007638
2024-01-01 03:13:00,22.66202914546536,128.91633883477184,10.197739485560177,11.09093370249585,556.0509676932254,10.518833592466091,49.554667085321306
2024-01-01 03:14:00,16.780595820974014,81.44881470566725,8.370031764312863,38.81187887130706,442.86278840182354,10.57973488734472,21.29773784188748
2024-01-01 03:15:00,16.984191492253217,149.76991271553212,13.288833658826094,34.56298203202128,632.6038451209407,10.91239513752831,46.34870554908089
2024-01-01 03:16:00,24.519113577404788,154.56946259868897,9.308875236618059,48.04765794875561,481.4228141340143,11.870465787574082,41.29167503805817
2024-01-01 03:17:00,27.942205199051543,125.21065468713672,7.487142725876299,8.103110736038953,549.008626845384,11.727902752913085,24.13060035500194
2024-01-01 03:18:00,27.741728485302346,135.7320659101514,11.171449866040302,7.567462451806444,485.282227878255,10.025649517683899,26.900955077854483
2024-01-01 03:19:00,25.597510917152476,153.79995049418366,12.067772168854457,17.69841836119401,440.14850889990794,10.664007635197116,42.718971892643225
2024-01-01 03:20:00,22.840632923085757,136.57909074507188,6.670419079009498,16.77675576811577,588.867309067521,11.017416617449499,31.854304540531537
2024-01-01 03:21:00,11.682799299900976,92.2031234331409,6.676192162883177,16.11404595823999,416.29961044687116,10.90689143961339,57.53262914605264
2024-01-01 03:22:00,13.232574281892276,126.10306881334506,5.3667142693354295,45.78145612344665,624.59357023786,10.226498749461165,52.74960917936203
2024-01-01 03:23:00,27.971083770541586,128.5372037106285,12.364020150656405,16.229578993227776,495.27603857833503,11.68939689656994,59.342688260546524
2024-01-01 03:24:00,22.1285811931918,113.93045370419088,11.638045276218051,17.237737675788395,400.0404079013456,11.289269722593042,30.38683355801656
2024-01-01 03:25:00,10.183941032332593,138.91553884997782,9.746308757498138,39.17292180880837,553.338741771169,11.643398424673968,58.78894531191908
2024-01-01 03:26:00,12.029430857320643,154.74936118152118,13.441704489691972,25.2382929102743,414.0555725582809,11.689281414568839,37.24935479166231
2024-01-01 03:27:00,23.270035382161115,154.0454810325421,13.056701529500533,39.95197506298315,482.85086734626987,11.446382878064627,33.90075181255018
2024-01-01 03:28:00,10.101231676924375,116.06714971233058,10.853543643967521,7.941477090397336,612.0929462367149,10.766263322749378,22.01398107877413
2024-01-01 03:29:00,13.216161028349973,89.05904366726043,13.682712805132587,26.940703715302295,418.80688648655973,11.143202861033934,22.110610314384104
2024-01-01 03:30:00,20.974675787331723,158.78729591698675,7.058412100367683,6.512612008247718,651.8015477068006,10.152803893463435,47.68045023786619
2024-01-01 03:31:00,23.837903953853864,147.11184691567473,6.119196193977279,7.819394155490953,401.1459767975749,11.282019918444798,38.31715977736111
2024-01-01 03:32:00,23.03922519005201,89.97301449626134,7.697496115169896,45.78968540049849,474.0471607605707,10.194357162626417,29.060865041444227
2024-01-01 03:33:00,14.485386189211196,153.66735060938979,5.570868560893149,11.266041700291783,622.2712168456214,11.326689099122346,44.55881225300931
2024-01-01 03:34:00,24.24358442695072,149.59170896497028,10.31169528001032,28.95893070238477,494.88104491879204,10.305115953658731,30.114324730004448
2024-01-01 03:35:00,14.744981749936002,121.50704457008577,14.366056922949614,23.499302117031796,430.56771641980407,10.058612860330484,43.1052701737769
2024-01-01 03:36:00,16.507993963185356,127.30203485959434,5.3934354066850965,20.63044968164792,508.07017564012835,10.163625878314507,34.368349879307615
2024-01-01 03:37:00,24.92982810236048,111.92021630961042,6.221099140100268,45.49250055592726,481.1179859153577,9.804382697481955,52.94208906447276
2024-01-01 03:38:00,22.992657980944294,84.3809311057625,9.521990282834352,5.982052854897027,652.8135706481664,11.381227159277767,52.82784643067117
2024-01-01 03:39:00,26.98446820988356,106.81577933167208,14.33875017527905,34.87053587790151,494.00437527554294,11.411282307928435,39.094015924896055
2024-01-01 03:40:00,23.15225784600687,144.2282758878409,8.161561049767505,48.35274953960977,636.6797415328022,10.932853369809171,34.032764373400624
2024-01-01 03:41:00,21.36617206670943,80.37056184036823,10.072348086883924,30.20756825578289,667.5616434432204,10.154998162321844,34.50239186236378
2024-01-01 03:42:00,11.87349535656185,106.67993373529154,5.415728590503921,47.157010791489135,530.1452258729589,9.983819542523518,52.22858102672872
2024-01-01 03:43:00,17.35431606118867,111.85349548727547,6.483432009620889,7.351604567871069,672.9829431563176,9.842083726162032,33.127179311904484
2024-01-01 03:44:00,15.304047353634509,122.99164823503384,14.86630122958847,23.845699358337264,513.1954161889579,10.164645989323486,28.36237494827384
2024-01-01 03:45:00,14.87979286758167,153.58844931302085,14.651186964360456,16.707100593292303,689.2235249470325,11.759882176962924,23.38753367501227
2024-01-01 03:46:00,29.460211095048912,107.7076795492769,5.049399809344096,37.88694342413284,426.78685735767186,10.331381051743701,38.66772483537633
2024-01-01 03:47:00,17.861954493335208,107.75625615169821,14.51811785423239,49.158369072376104,606.1057799509729,10.579396919877874,39.28528395679368
2024-01-01 03:48:00,27.840931103542268,139.00009984877988,11.391199378155004,16.54385280999115,548.1442121370786,10.031760065858933,53.636348416116284
2024-01-01 03:49:00,22.622772519945258,116.17743527118458,13.679182945200221,34.43785706633335,516.2946416366941,10.289194870445975,28.84954785784256
2024-01-01 03:50:00,25.896226070832967,97.96838583519856,9.54739855633859,13.914393474188305,589.8135636245803,10.942294055716452,35.23965094673599
2024-01-01 03:51:00,20.052741862103844,116.19516129061547,10.155960285792503,30.439861455722447,611.1571274902993,11.137055902810436,52.336229555747636
2024-01-01 03:52:00,21.53807769252718,91.26856163038399,9.888465802569202,25.87696190097513,401.3089808950927,10.339775091165665,52.94494442995894
2024-01-01 03:53:00,19.850353876377277,94.11095892049786,11.668642575461043,48.74023983341917,450.08592662415964,9.927010750295258,35.384443039150725
2024-01-01 03:54:00,13.90485975596089,119.86942181915838,6.396512547563129,32.383727271340994,613.9138151902956,10.660272312080277,38.36496093146724
2024-01-01 03:55:00,24.44904230523011,113.51403596036383,5.299735898726779,20.727786743906847,599.9156240734619,10.315247416037936,32.13143563397132
2024-01-01 03:56:00,15.615447248817116,153.187672085448,8.079299415911908,10.134310319957002,689.8142515386032,10.283018631105564,57.30219513677248
2024-01-01 03:57:00,10.486319328629076,108.99151192933064,12.046807627366467,11.806107293072056,628.3113370752349,11.911698165969602,24.745750629663213
2024-01-01 03:58:00,22.909445918143355,126.44706802224349,7.018534521229483,15.13926184780558,685.2318123194013,11.155861069036593,57.3499769200588
2024-01-01 03:59:00,13.542213588140978,130.58114303356243,11.734324333249173,16.29349976031341,610.7621504604421,11.025132574978612,47.35465807341373
2024-01-01 04:00:00,28.809171687058285,81.04755652706669,14.699120461072704,43.2777226028512,489.4156625918329,10.714705227751308,41.26288610746925
2024-01-01 04:01:00,29.078571540051747,133.08298976133685,5.939007157894184,30.255025472713623,431.60947667525693,10.743677533546318,21.306362431379835
2024-01-01 04:02:00,28.29728780440897,94.24287734958011,11.726021182251262,28.55259101184649,634.5471590034807,10.989991008443779,39.023847672880336
2024-01-01 04:03:00,17.403174005108887,156.8856253975564,9.437502193045711,10.164599234114785,593.2447664427748,11.332145575479437,36.30992420010929
2024-01-01 04:04:00,10.309132330577349,91.89301822024903,13.681422543775053,43.70628620072458,414.4558037179889,11.344721411600025,26.448752479004902
2024-01-01 04:05:00,28.566371251754507,113.1699298981619,6.771497894473859,37.526643644381764,508.0151397702935,10.17772659695199,46.25638414002628
2024-01-01 04:06:00,18.563682966346285,86.82797344629151,11.926259522261645,8.045076285500071,687.0399446452859,10.90024805456858,58.846036294731434
2024-01-01 04:07:00,29.333096380873393,159.74994014767577,13.381152896481103,36.85257937533959,550.1203437130604,10.706307809075025,42.487552442581006
2024-01-01 04:08:00,29.272399541785056,120.1756008264994,14.446142194740233,29.459219780419073,529.8187408059114,11.715159325792646,48.59013105775783
2024-01-01 04:09:00,27.060189109347203,127.6308013856035,11.832480282896459,8.677640558605022,537.3098815477882,11.189121626680429,22.738018102640673
2024-01-01 04:10:00,15.888977841391714,85.3661181910742,9.971747640084274,25.623528868789542,462.6648172015491,10.97150894611516,36.70667983267979
2024-01-01 04:11:00,17.701954572038506,139.99683763193423,11.178472402012138,26.811332920852113,510.6121512594386,10.053868212793619,24.654339406579837
2024-01-01 04:12:00,27.022733430337137,96.79244744764686,13.689049844787181,12.45985430734741,510.943976796153,11.132403356511505,44.511833421460416
2024-01-01 04:13:00,16.338440103125553,151.8443431552571,10.706097466388297,47.55641661501271,415.7065060562417,10.057848592496514,57.539286328566185
2024-01-01 04:14:00,13.38985493372185,96.41117123856057,5.303870596968369,43.248891716629785,630.2702885553755,10.541854466244654,46.47110929886554
2024-01-01 04:15:00,21.136025249167005,95.25501765309332,14.309486955069778,35.10600517980987,524.9513295711637,10.11425232259153,23.072121932576863
2024-01-01 04:16:00,28.72309548321562,82.92397342784759,11.895267510315612,25.803300245027323,646.653966044927,11.322562023453612,34.186648199403315
2024-01-01 04:17:00,23.92059593349946,117.76535560879994,11.765133857772465,23.52944937130288,655.1044003359686,10.253754650439536,42.02653517763406
2024-01-01 04:18:00,21.4012234017873,125.18729066100931,7.156751523977172,34.29380602179294,463.5982164095974,10.662090621013657,36.128310245330084
2024-01-01 04:19:00,11.94352987541537,85.2566911542682,11.588854702326572,29.544434123310747,597.2060446510386,11.770484510761314,53.34576041900689
2024-01-01 04:20:00,22.300144533983396,142.04220933560083,8.938644056541584,7.802289764684852,541.6845412488944,10.249496043477736,52.58684018839957
2024-01-01 04:21:00,29.801077002085265,116.26310677984222,11.51232977041492,28.062619194664926,664.0470213764455,10.917171140709314,44.47324080412886
2024-01-01 04:22:00,12.80168030473048,121.9512215462064,6.065930303079908,41.28816277547778,464.72220375293625,10.722397654565249,34.93831780530821
2024-01-01 04:23:00,20.366593047274733,115.26101975505824,11.578453046030361,25.665794491863114,603.3439600930133,9.839872890300606,30.213454950529766
2024-01-01 04:24:00,27.547461438559107,112.06104487002608,14.994137257706665,7.338045989942079,582.3256366758168,11.544067849860188,24.23497272852517
2024-01-01 04:25:00,24.815372355084087,124.77122650465743,5.48212038860556,40.38251897228149,488.5904432715498,9.95190099389212,34.19590733946216
2024-01-01 04:26:00,23.94031481990536,92.419219674457,14.771741842213173,14.061370196118848,440.9802710953518,10.843361046149298,36.526900688308785
2024-01-01 04:27:00,24.049681679742186,94.55425043962168,9.069079607228705,16.637937569961743,595.491928143183,11.03349224886569,47.03291700416294
2024-01-01 04:28:00,17.189823024395103,148.94284968108138,13.707534503372592,12.411785904453314,621.5792374396992,11.182538204552092,46.32639297190294
2024-01-01 04:29:00,15.871836885289866,155.68923697069062,12.823854840582735,19.85967791921739,494.688203129005,11.314989584477326,22.80432558565028
2024-01-01 04:30:00,26.187223109570272,109.86474530238024,10.670162609866678,39.053817755988575,593.4497812066941,10.357199243749974,35.810372617246315
2024-01-01 04:31:00,26.202267893583617,101.65957385148431,12.384492092513266,28.372363677677182,518.5392722834509,9.82195330864859,27.271154688694477
2024-01-01 04:32:00,27.341446371602075,131.51996345912124,13.78515561301348,14.219657336782065,613.9620649847853,11.391576057180806,26.27250821267223
2024-01-01 04:33:00,28.264811051129428,112.69873368784772,9.041403216510329,44.502353516841836,459.76458246821596,10.978444518564674,53.09208598948984
2024-01-01 04:34:00,20.226847977218757,82.03090845282759,8.270331615632387,44.581183472818815,667.0645007908523,11.639458947055948,21.676608668650303
2024-01-01 04:35:00,20.030325893743992,92.49220778929524,11.675933855635847,44.17602912707031,486.22287893967393,11.607054398381528,36.76731503608485
2024-01-01 04:36:00,25.965903579335503,137.2777783077918,13.078459419412585,15.745829512169268,510.33579632684587,11.655317569133343,26.728146230660727
2024-01-01 04:37:00,22.999278615555305,132.7139153528121,12.622851347766158,25.305770488144464,417.42758562410495,10.867208251954988,55.17320862713896
2024-01-01 04:38:00,24.03933754515407,82.16767940027867,12.978136488586344,49.32453452633938,433.45366369638293,10.533982470841105,42.28162053100141
2024-01-01 04:39:00,25.91585338872202,97.75777295463595,9.35583314812933,39.740561433949566,554.7585708136985,11.541428045701014,29.25522545507392
2024-01-01 04:40:00,27.800106836351326,98.48598372704572,13.178342161750216,6.222533955150192,480.27780301839147,10.792847048664362,40.09709148665506
2024-01-01 04:41:00,16.759903137030715,133.75141948789826,6.202090553706085,7.934206606722142,650.6440677226583,10.203572832087556,49.25945438812463
2024-01-01 04:42:00,17.51165905279888,81.57684302034913,10.444890979608495,25.876911956554974,404.40801659648616,11.680942843035243,58.32472035677735
2024-01-01 04:43:00,11.87963879681738,88.32868655876591,5.057586604981216,45.914909263770205,513.7282146015808,11.741631728899165,28.81784016981676
2024-01-01 04:44:00,21.56560281992348,143.99328682985515,8.245858299002702,29.24158090787214,501.2036640307278,10.825881463508374,55.44727088517381
2024-01-01 04:45:00,10.718845475934842,94.28357296434669,8.66461534871398,27.40156286154306,405.7982892752803,9.966539400081533,57.37216456669961
2024-01-01 04:46:00,19.311960362649202,132.21968862814998,8.961726916092553,9.746316498048376,437.31051970015307,10.653217397817249,56.65682178128265
2024-01-01 04:47:00,20.85289269415153,99.05462248373811,11.954672066898622,34.555104712593234,524.0928024755906,11.567782850817729,45.41657427447639
2024-01-01 04:48:00,15.730825042565687,87.95531142074762,8.885581012703458,41.99464222701015,547.859375334234,11.783902862801703,45.19282617738831
2024-01-01 04:49:00,21.816665211380215,99.45377527995632,9.486936226225307,22.118900337840305,521.2869241764607,10.247640033494712,36.128425327352915
2024-01-01 04:50:00,10.610004998780989,137.78135454845273,7.375441308743275,39.902533291639735,559.2813035236281,9.947341946455598,50.09591529215152
2024-01-01 04:51:00,10.746963774984287,148.45571744850287,8.7325179162934,48.40144942553652,578.5395024717045,11.730170996892245,41.251760734037276
2024-01-01 04:52:00,26.452011213193167,146.41758916535935,7.2726962726315145,14.169490660746009,402.9771463383507,10.656690865753527,47.09752284913178
2024-01-01 04:53:00,17.20381282822526,111.77468236947638,5.731959237684436,28.54983340376336,539.2285478360511,10.991874121388639,37.13831615395182
2024-01-01 04:54:00,12.541210253037695,133.44681092565168,11.03448593381378,17.9212081138059,689.0497722662765,11.92974478651167,49.259858561725565
2024-01-01 04:55:00,20.444865201096086,96.39874363326568,11.682127985550164,40.67844885652277,555.7096840388647,9.946442401411291,52.97886070418196
2024-01-01 04:56:00,25.399871061972217,103.45181842088107,11.194903460096146,30.99170146465209,603.2626802376859,11.226299616394611,25.857450264112643
2024-01-01 04:57:00,14.316420549936863,151.7068654816896,9.634940438005724,33.55620878976367,493.55915737506496,9.963031929664709,53.31718862296912
2024-01-01 04:58:00,22.457809516380003,81.04015388085888,8.797857801792297,40.906137182715234,632.1974134458287,10.626031642626302,41.61186127161229
2024-01-01 04:59:00,11.70694929987536,86.84068246835744,13.633336495718252,22.81867126981047,631.8764445628345,11.568391999425582,53.78663636360897
2024-01-01 05:00:00,11.033634423372154,96.63090041168218,10.19081785136218,46.17905307831695,556.3888142962417,10.753638912062396,37.25206825364059
2024-01-01 05:01:00,20.62709263136296,82.12257630990558,9.79181877629731,28.9862990260763,692.8041469837641,11.99380117858649,35.1616194153214
2024-01-01 05:02:00,20.81270243220213,94.51483480718379,5.256420658064357,12.10796702759066,437.66506442879603,11.029930426882526,56.6024293006889
2024-01-01 05:03:00,22.748598029964132,126.64332487757537,8.412478276261563,36.315460317596106,405.0842994668743,10.506556735799098,30.04677070193605
2024-01-01 05:04:00,24.52182667445323,113.71396404739983,8.80195618785857,40.69676076972145,631.0474635271288,10.284244916990458,53.76849301144573
2024-01-01 05:05:00,29.51704158925069,151.413736886158,8.988227808969004,19.2542754680387,642.1466612094648,10.571145175429557,39.360822900376164
2024-01-01 05:06:00,20.326006966023904,145.3954849390753,10.801723692273324,43.573066564943886,436.06216873617285,10.619573202271011,40.563817702050386
2024-01-01 05:07:00,16.45912945882492,107.34538813583008,10.336025467268785,45.77644646445949,479.67484988758184,9.951170090992715,32.33873125957936
2024-01-01 05:08:00,25.90372389537407,100.75387467450341,11.079050927934446,17.460701932001403,405.26570900998865,10.613063238738901,42.92168802476063
2024-01-01 05:09:00,15.416645025241484,110.37539265338135,12.648832615421282,49.25846627218499,487.9925832341694,10.821324743426295,33.00844785104845
2024-01-01 05:10:00,18.779428414112722,127.22359540118461,13.129857387160936,11.332018762194128,631.9425621756014,11.39002305492537,21.570776569666094
2024-01-01 05:11:00,11.569127626845319,101.4450912658301,12.181230762264944,14.090705078112048,555.3881583137737,11.244804866387538,30.87994421377424
2024-01-01 05:12:00,10.50701486830915,129.93191262793073,14.555236959549347,13.290117765711177,504.4286779504864,11.35928444150414,20.255161736263627
2024-01-01 05:13:00,29.252968293558503,112.75293217529924,5.182325826763616,45.229536950354166,511.5217884718991,9.818400100129086,59.13419148227427
2024-01-01 05:14:00,26.719602410244118,124.16377446815842,6.957779856835461,34.443164854623284,400.4060877146404,10.27886827907718,58.6298883927899
2024-01-01 05:15:00,23.91948412187396,114.89012233082533,5.075628749781421,11.84469274500228,489.94015826957076,11.255705434479685,35.8062118988922
2024-01-01 05:16:00,18.179058888285397,103.55726076335341,11.474747141546029,24.814553826575704,593.9376224913792,10.864776609995443,49.134834173585844
2024-01-01 05:17:00,13.465886401416915,155.87626455697253,13.98030548949987,32.68841112814109,692.258333144907,9.811689646470361,33.832243936417
2024-01-01 05:18:00,13.128740853421721,141.08846353278085,7.434822965762993,8.755883824522249,654.1182480951699,11.569888213350008,46.84372628343904
2024-01-01 05:19:00,15.004857963291906,91.20905406131621,14.270345447963066,44.708736578330246,407.07848939365874,11.500181061238742,52.21720172183916
2024-01-01 05:20:00,20.984533294122407,149.47743807183303,5.602673902895608,41.16215909486908,669.5681814024517,11.006522158585838,57.87024978768963
2024-01-01 05:21:00,24.291918454001248,118.99449585996109,14.344360268055143,27.73430481094872,634.9595239895878,9.946219316707799,36.00849103398688
2024-01-01 05:22:00,23.203947534354626,151.5641781515273,8.516226872396345,48.52069768666267,634.112837071294,11.486333108971687,51.33191931824191
2024-01-01 05:23:00,15.598677938918858,143.98842047578523,6.014208284492165,23.799244067379487,537.3987277010715,11.084169893009001,30.637138025284752
2024-01-01 05:24:00,29.09730561326388,114.01708035753867,9.858717591863257,49.284964356642405,519.4015878863509,11.52031194974751,59.61329215174593
2024-01-01 05:25:00,24.75793833391537,81.7975446656094,7.567765677205079,35.05639994616322,490.8747186499578,11.453843383270849,21.030783950574047
2024-01-01 05:26:00,21.087081050228015,101.49418875079569,7.8487290196192285,33.560207296427365,419.7084576863097,11.566604558307242,44.141152260044834
2024-01-01 05:27:00,22.234414924687044,123.33073717286936,8.072899649262865,12.467970288310326,468.47060904810974,10.939617746090175,46.38023926605308
2024-01-01 05:28:00,18.3920012485558,130.67825758609177,13.030258978326634,44.68674912370898,473.9810904934074,10.108713940025734,47.521822282965154
2024-01-01 05:29:00,14.954619790023148,100.63101483465618,10.391612766752544,24.237035956427682,545.2231209130605,11.276546441435315,24.81550315156356
2024-01-01 05:30:00,17.119453573025233,91.14848592582592,8.113076991560035,12.30050326021157,624.2333219790082,11.165042327114335,57.541191338925216
2024-01-01 05:31:00,25.15692220928738,146.79441894394392,11.103337833109183,5.567338398909157,542.1429485193839,11.432957011837992,27.247331162003313
2024-01-01 05:32:00,10.287869772595117,158.75217445628417,12.161506742231936,30.189005763727216,417.3533348341482,10.173738213311617,44.91013612959364
2024-01-01 05:33:00,12.321452810138325,122.05521458421487,7.7262400073353374,28.732982995520434,687.3369402964611,10.228945439780636,28.907043164923397
2024-01-01 05:34:00,10.920052840435055,93.73434286786429,9.135491015253514,37.370913006612135,682.8172957282336,11.758900937882522,32.288656680850835
2024-01-01 05:35:00,10.814576046379402,101.78458612154952,6.218860933369475,45.0616123858011,635.5568629445225,11.449951156594556,41.858341669124975
2024-01-01 05:36:00,27.109211680220145,81.47125412379734,6.811493495346803,8.573296308936328,697.3983704692662,11.798102675140711,36.687736742583056
2024-01-01 05:37:00,24.073157187600472,153.1439045248399,11.811178539649827,37.917342065316305,563.3446998400789,11.469173706560625,26.409024039060252
2024-01-01 05:38:00,19.483476581746505,89.42008663121129,6.8143834769562694,13.4335374843912,688.8305050759618,11.113741673178664,26.837456096833932
2024-01-01 05:39:00,11.95668321302003,126.12131804114028,10.251633836670601,43.61796739207238,422.6815121850252,11.239092021461323,36.72579152651198
2024-01-01 05:40:00,19.832317502336647,101.92441765497648,12.090462617224327,41.85785812377453,509.7042244784114,11.756081432668022,50.29131913102003
2024-01-01 05:41:00,19.469435415611315,124.33424020126347,6.068769230947439,29.335718974349497,467.6143804020297,11.07337485992627,55.91858587391154
2024-01-01 05:42:00,13.464037398200304,132.11363106814915,10.673122196289036,36.960925938049016,458.749925240281,11.191260913522452,23.365106490375315
2024-01-01 05:43:00,18.67703298475946,146.37934429657614,7.565627837013638,19.145755093268676,442.24088466780285,10.144248775207922,35.724156302376045
2024-01-01 05:44:00,17.97009468794747,96.51370174084826,14.629268752375799,26.202555451976657,586.724092469799,10.842626684255427,24.009822548915064
2024-01-01 05:45:00,22.31700196104433,80.87966629267844,9.835456467199247,41.973660396971226,634.3965567241916,11.376073646307818,20.663699225303915
2024-01-01 05:46:00,22.701873017352874,90.95085040550458,13.059925497751582,25.666933872794626,573.4895198261082,10.396073936296004,46.468747305758264
2024-01-01 05:47:00,10.90608019544089,152.0014913478484,10.502265421562617,21.10092193964488,444.0888128764629,10.244959197153978,44.09797767866351
2024-01-01 05:48:00,17.492252292529425,149.91120620500124,5.434125328548191,27.239560126263495,643.3371309800413,10.490418978093714,26.52076455259545
2024-01-01 05:49:00,22.517198314284727,127.79304817362467,11.331513755940223,42.271216359674824,590.7864121491185,10.331301381584234,29.352513323722565
2024-01-01 05:50:00,20.062725171601755,128.04134883469226,14.51403342206657,20.084362131689275,516.4497118380987,10.272807801480072,20.948310145780734
2024-01-01 05:51:00,27.129796823766444,133.20293396370045,11.016118201463312,12.81927169110847,602.2390886608189,10.734671854309791,53.39788822777615
2024-01-01 05:52:00,23.173872632378902,94.02970228987597,13.191888594267901,37.040630914885135,477.97149377284984,11.797244730543776,58.98762384194206
2024-01-01 05:53:00,13.258688541628594,153.1529556739968,13.842064633484078,42.16901957186368,503.5576625482631,10.91553122282518,25.418381471787633
2024-01-01 05:54:00,11.411374948008596,113.50164199136586,7.280797719489325,9.528686533559,675.2457529395971,10.213424837793712,29.259008550611924
2024-01-01 05:55:00,22.84838556412631,110.6510822599598,7.1204483990822665,15.794335074017512,487.1513517014261,9.969337672637923,54.73638095787736
2024-01-01 05:56:00,10.530226210832437,121.513416422627,11.109809888509918,11.388739539244725,540.9964804473809,11.331543519303436,57.058551918247396
2024-01-01 05:57:00,21.715511625469265,83.7572773420044,9.110284698067048,20.657363521197496,667.0423412188044,10.642157281760054,36.78509531227242
2024-01-01 05:58:00,28.80460482849915,93.30266950048636,13.398613028667203,25.26579405074357,612.3164050802583,11.60802808248779,22.024898890762966
2024-01-01 05:59:00,21.50948355751758,139.04268931410962,14.000231233980111,38.69718516334879,418.66096784941084,11.250923691009694,21.575673347712776
2024-01-01 06:00:00,17.763398524130437,86.62389343401011,8.534213793027181,34.30164131967534,444.1909132836911,11.551731191191012,42.95799464276042
2024-01-01 06:01:00,22.865764368847064,128.25216875731104,7.36870558974482,32.9417855365294,402.35247723157505,10.398281286720588,35.71580435572716
2024-01-01 06:02:00,19.165057809830333,99.62792877450568,12.805255152438619,20.856872597434446,589.276537068749,11.323189629414328,21.14609710310618
2024-01-01 06:03:00,20.9123357863187,111.14364912335813,7.7480603554813605,42.8651398888142,534.3020276231255,10.380936366326182,43.33009569250227
2024-01-01 06:04:00,28.8292961755305,103.09549894165599,13.226143185136785,26.207922532917404,440.28245527068265,11.865950654790641,20.4521014635609
2024-01-01 06:05:00,17.722052756015486,108.45381731719593,9.237382536487628,49.059722210681954,687.3802363170312,11.200023419373423,51.494878325970916
2024-01-01 06:06:00,29.223811276478283,137.52367241473962,11.675498992914704,33.53639622330816,558.897917183686,10.513925960385754,32.257312908134864
2024-01-01 06:07:00,28.107012839121275,103.769737249854,5.955353138346682,10.681913370402622,472.56798823386674,10.392926097043,21.610320120369284
2024-01-01 06:08:00,13.915822695785929,125.31237122375177,11.238593246765731,35.42799029339453,550.1810713464123,10.220038487157616,43.53408883932613
2024-01-01 06:09:00,11.387226017503309,118.08403217592797,9.517676787372292,19.629680694426455,603.8860998205323,11.328210109566202,35.90737657732219
2024-01-01 06:10:00,12.015560027548533,133.09369322901185,10.866084631754742,35.88472385087438,422.87176539206934,10.28117434859544,58.95201653428598
2024-01-01 06:11:00,10.364436513030995,154.94637914598064,6.680142077448634,8.133851667308258,482.4111445143676,11.109667185040475,41.767946500148085
2024-01-01 06:12:00,11.888859215118568,138.60576777682002,12.36873744944182,12.869664672918173,642.0896472651981,10.382197059235788,31.009567241480333
2024-01-01 06:13:00,23.660135468327137,97.19523028726054,13.627970775432285,43.50817665076038,537.8994611207984,11.25633167854651,48.37755458535899
2024-01-01 06:14:00,11.42377296920458,82.49465080490278,7.167398000907756,15.22308006605817,563.9731426096885,11.592867402789187,30.859680101708452
2024-01-01 06:15:00,16.379512605875227,100.981123543986,5.957145555201617,42.6668506359323,529.8448006628407,11.511655534918237,56.1697316563026
2024-01-01 06:16:00,26.89750621938909,127.60623445602039,5.236385860463364,17.567423980448467,413.1699827929015,11.47387292804772,34.98887882029506
2024-01-01 06:17:00,10.465438714716518,84.11406507874003,11.41971500443266,33.92968595264185,449.7249339460468,10.212989292522956,41.99474251104821
2024-01-01 06:18:00,26.289369651778717,119.7092997760989,11.070940360887807,36.236775807942394,533.6624916225672,9.994446883365942,22.022924152969154
2024-01-01 06:19:00,15.637095495468,127.74742791335115,10.4669741271407,28.06946389152738,462.75563962237834,11.337687422672248,37.04484951808923
2024-01-01 06:20:00,12.363296552433125,106.73951126535687,7.319470961159754,18.73898045135291,414.9937085979036,10.610363870347573,53.2945415864398
2024-01-01 06:21:00,23.934743307283014,141.67297629966575,8.909059959055146,14.568996936699325,653.0948992155471,10.751161698087364,52.22595221453368
2024-01-01 06:22:00,22.578856935597678,88.52786025070175,10.94476335186173,6.4935209553091795,694.3577587492348,9.86852800414546,28.97274235414105
2024-01-01 06:23:00,27.54944027054106,86.0110225388647,9.967668588591694,18.677588055832572,637.9428621990219,10.37106818840511,29.043162840422507
2024-01-01 06:24:00,24.701420876077716,138.25510049628826,14.877855202148872,34.39232557390774,656.1354765114002,9.874088088523822,52.69221248852947
2024-01-01 06:25:00,26.06961860769697,119.63930529649588,6.364397525567331,47.22371683018172,472.5931390951136,11.734208699722744,57.21593680677302
2024-01-01 06:26:00,15.640691451426129,135.0721917142189,11.951445540475937,44.20420170183734,688.18809265396,10.335472703080768,23.814436850920142
2024-01-01 06:27:00,13.548790875594456,114.7861870882997,9.043187681042921,39.472914944088615,459.0777113360285,11.026141773060617,38.00234557704901
2024-01-01 06:28:00,25.012295032817168,99.71216265912855,9.281996149256148,40.48013044639844,685.4289431085497,9.885754505454488,33.49817115856916
2024-01-01 06:29:00,26.13669478534528,145.52818541393597,12.175977656581763,34.92432065641979,698.4457881897854,11.267064260872449,54.827538218297576
2024-01-01 06:30:00,29.810102840013467,143.95327031751833,11.924361513243696,16.712908590470136,613.5168417238147,10.510660160659008,23.34099658720075
2024-01-01 06:31:00,18.25235353822853,135.57571766835414,14.912559937021882,45.82377638176234,694.3431195375465,11.775422211306864,28.445037702321496
2024-01-01 06:32:00,17.440361715855666,101.771610978397,6.283942894541252,35.182954035762535,570.8619338701311,11.75386001565488,50.09873350345977
2024-01-01 06:33:00,25.528259214839935,127.21845334952697,6.041096493841663,30.219828394119798,477.8625349528271,10.515639360395845,22.05175395924862
2024-01-01 06:34:00,16.816070805060356,108.87791175520215,12.24338817128741,9.994526114606648,531.0987656996863,11.78211397051903,39.70141522857157
2024-01-01 06:35:00,28.615146512071295,87.32656586613074,10.78386917006409,25.117499471289143,578.0682806136358,11.991546881697314,37.684281387188804
2024-01-01 06:36:00,27.168255036860238,153.38508603697943,7.741606665598058,25.716122204086684,421.9244686081045,11.615914461072686,33.37604715954995
2024-01-01 06:37:00,18.579880547500366,90.94549047351691,5.794193689889866,43.90536242852015,586.7029793851739,11.658716965061505,35.78289261275695
2024-01-01 06:38:00,25.017421355829946,156.0189883056642,5.856582495964306,29.59916990845048,694.3533510286884,10.347819219439998,41.19762347720932
2024-01-01 06:39:00,25.090857481693646,115.68046183663645,13.941908746641182,22.118024703668436,457.0322949351183,11.068745277487064,26.454694335535326
2024-01-01 06:40:00,12.062477376718652,94.81063430708957,6.918673247187429,48.95601478297967,637.778534886515,9.947963010728209,42.87983513134371
2024-01-01 06:41:00,28.051058133591333,123.35207579026866,8.233715621155207,9.982426699684204,672.3696381338858,10.008819461007674,52.21729317199945
2024-01-01 06:42:00,20.105047448957144,149.83566687011268,7.26656402226988,24.01467927403751,683.1104778460663,11.99756374647324,50.40643719160636
2024-01-01 06:43:00,26.529149322154833,138.5779909127649,8.549963058319374,6.891110382713238,688.0406813216341,10.518606348737004,26.155996187750947
2024-01-01 06:44:00,16.400992020612236,144.524891828916,5.694238427460934,38.29568543451187,556.4378916164416,11.446004606507461,25.969978789658956
2024-01-01 06:45:00,27.91046456992401,132.70266933685738,10.190597909082705,46.31344484896178,693.1923723974511,11.574663116658996,30.726974709796533
2024-01-01 06:46:00,17.784033574683264,135.3821251614282,5.6761256359221495,17.601679829772024,627.1930621403317,11.687651196215905,34.44298905364149
2024-01-01 06:47:00,10.216753029605968,147.93565212522554,13.003565078223616,43.62537545596044,448.5014308710886,11.994782254284743,36.338223256339305
2024-01-01 06:48:00,28.107639528385274,99.97344070873487,7.33712081910433,18.1498203707854,543.070031940391,10.331292267565109,47.18788867333381
2024-01-01 06:49:00,11.825733535722671,119.15399709145123,10.400119146045107,45.98465727397618,615.4993526116011,9.88877181909134,22.267217286633418
2024-01-01 06:50:00,16.3862727518083,97.69675534556818,13.800790875614583,38.92828566185528,474.202094745725,10.70462133958809,21.386908169042655
2024-01-01 06:51:00,29.0012393410161,159.01344063973175,11.50877369047194,41.220804957864736,592.1845550646663,10.086177473623684,35.676422517756365
2024-01-01 06:52:00,29.012142938751122,155.52474717492908,10.329577865513354,5.810295002020452,599.9801437139857,9.849336956156522,47.88654768551922
2024-01-01 06:53:00,21.46875776246572,83.15414490948046,8.243337531153756,48.326466068331165,448.80992314256974,10.59293901971127,27.737413718259305
2024-01-01 06:54:00,22.636744243395984,136.44601380125508,8.330019130581979,37.700194643164544,569.5255937358269,11.52422415236552,45.66017925025007
2024-01-01 06:55:00,18.968910439566393,154.01986539325327,11.6948695519819,18.713799292376,631.4880732935824,11.045597520695157,30.393125517611978
2024-01-01 06:56:00,15.864215433961292,94.44602761018669,14.941393612211675,42.32275991864811,549.6686993607825,10.48811157626278,55.44344435254065
2024-01-01 06:57:00,16.57329090739832,125.43561844421035,11.618391898493787,17.66845392867185,403.6309350328322,11.239552412083984,55.82759777066466
2024-01-01 06:58:00,23.450369121540767,153.23906380704335,10.57783417370025,44.27392278047576,402.71154072378766,10.310439996679385,31.89148817125306
2024-01-01 06:59:00,25.0474905887536,82.7156782868639,12.30650510239246,10.066117568537166,507.10880319100363,9.831639181358588,29.19975015852962
2024-01-01 07:00:00,25.83158087451697,135.7936213797472,9.65205612283718,36.66586898573581,677.8582205295346,11.48157745016014,36.45215888264925
2024-01-01 07:01:00,25.792362855891078,103.78792058980406,5.601423426007852,29.331431449020965,468.60303388108264,11.17223478670082,29.621263407205948
2024-01-01 07:02:00,11.824122060973806,153.95169563012243,10.622968158779099,9.344051158794837,590.3091066615061,11.477065773902112,46.895353731668145
2024-01-01 07:03:00,19.88840609405163,157.68465961322943,14.576252845053801,15.885222271647754,466.6227612079962,9.885663636712865,53.04258738193142
2024-01-01 07:04:00,11.151175200332887,155.5413191290747,6.753029423576597,5.558181632479165,496.5009968978646,11.641663181227434,46.92368523644868
2024-01-01 07:05:00,20.990577646474712,117.9371373325971,11.900048908206657,26.094558445902763,654.4126268804453,11.162957640079867,52.97401788997398
2024-01-01 07:06:00,18.83061002746754,148.9634120791451,7.009336886590565,18.556936734200015,618.6584326809841,11.03946977156781,35.879686488298965
2024-01-01 07:07:00,27.754083655165996,147.5639518828056,10.358276844730813,31.926086793399147,428.6197831939632,11.17415090585197,26.252678828354433
2024-01-01 07:08:00,17.018300251041573,105.52803785946045,5.966764496467196,18.375701346887773,528.6106062959301,11.701753143110402,49.51803789590369
2024-01-01 07:09:00,12.341340328552118,146.3132379320542,9.503709362581851,18.49636001781431,408.7509290935793,11.091260314429595,34.41898020566215
2024-01-01 07:10:00,12.859833641056717,82.96061077723941,12.56163328895246,38.44369394292215,544.2670439809027,11.078090835753995,46.8508330091653
2024-01-01 07:11:00,25.230212634349446,127.70159027856424,8.475715242389821,7.166427619025905,598.7302035103204,11.979494145544685,30.825757679270627
2024-01-01 07:12:00,22.364361266325222,98.40070698301625,11.64911724487218,45.63027478363943,435.55078707944546,11.46480636755085,23.249185392266906
2024-01-01 07:13:00,12.022453522455805,89.64535086218231,12.954499607897292,43.351874347603164,486.6654816727497,10.773046371992498,59.70327181951053
2024-01-01 07:14:00,11.682136122299948,86.15625613033673,14.271778194794527,35.05121074518829,519.3509876506471,11.35627340007244,26.24806031722397
2024-01-01 07:15:00,24.0193826291824,135.7031020702512,7.346420818554535,31.694970654832293,675.859307396815,10.656307037721936,59.536839758539244
2024-01-01 07:16:00,11.455260127283871,107.1899971014453,8.993159158093082,45.15361241628435,697.9765046268892,10.303526017463698,59.09119730265789
2024-01-01 07:17:00,26.437201185807126,137.98134172230093,6.524160133304174,13.33985807879215,413.47338969868474,11.113074129153071,51.752724156321584
2024-01-01 07:18:00,24.124844543129925,85.22850726391539,14.924835021583752,8.553612298587288,628.3023770486176,11.842000615850694,46.3769184832799
2024-01-01 07:19:00,11.626975612837995,105.22322702644882,14.270009679242953,15.777957645929215,511.517219920703,11.844106944034017,43.11228201004339
2024-01-01 07:20:00,11.69675428170384,123.15930339002698,10.399571302805596,40.756022541508564,517.737455868844,10.552191611832079,54.64406181511339
2024-01-01 07:21:00,29.732791570023508,143.2578531871171,13.420332943764212,6.560162002691749,626.2794920041068,10.96089042568773,31.577580864779517
2024-01-01 07:22:00,17.485415915122406,105.5002002345656,10.20957977272042,31.226307578757034,675.5279296436227,10.265598976853695,38.70724849939508
2024-01-01 07:23:00,17.412842941337818,130.07131011496074,11.235856880027598,49.79468822860895,685.2785783507645,11.990388440897544,44.775598774660075
2024-01-01 07:24:00,26.25599134515005,150.87821985889497,5.891244321160166,43.50632422268927,573.1367758114962,11.958459397309458,36.44761903477964
2024-01-01 07:25:00,28.944971547677174,129.26905505458436,12.55270420496808,28.465056006961525,507.1363477901508,11.228919645356385,37.09945816361072
2024-01-01 07:26:00,29.720021276457416,98.6367579802907,6.2771348363523485,7.863840917898905,636.2647257576338,11.569710931290441,33.21138670008338
2024-01-01 07:27:00,25.067563705178834,81.95206252452304,13.260676302525283,42.41180814735694,475.30041497869007,11.37322035482414,42.56927266738144
2024-01-01 07:28:00,17.525191710618316,149.60790991207438,12.820280876703858,31.954032867974476,569.2222086500553,11.10494808188683,54.02298112060464
2024-01-01 07:29:00,11.670014333973375,81.70155286803097,12.087446977429764,10.171984867680507,507.57353845746195,9.917365593375576,28.061135120252516
2024-01-01 07:30:00,25.542938318548735,149.97613381473596,5.361603805247621,9.22357781705103,596.9893221123629,10.800481553615855,57.37732155013766
2024-01-01 07:31:00,21.1680849947161,122.31497072217695,8.031283559453286,45.93320687464666,472.1196738680521,11.284529864768304,47.56350614992918
2024-01-01 07:32:00,18.484440184939526,155.1254158810317,7.631125699108429,35.11401183221353,457.4778837204477,11.290569550544106,52.93092850720121
2024-01-01 07:33:00,28.12708770189472,143.90265886189323,8.60136407471519,42.317905969254,675.4717260026312,10.620869760529244,42.247627705200465
2024-01-01 07:34:00,12.223949646123026,159.834728842667,5.876427467638385,44.55405051270203,430.54110488486106,11.871722370647667,51.18066805696254
2024-01-01 07:35:00,19.852502085817182,108.05694523613681,14.369578230310628,30.729755842174498,551.7873723204796,10.16818547092092,20.648015893578687
2024-01-01 07:36:00,10.227072895348382,141.37506311449016,10.538022407123762,28.285085828976857,466.25583488890265,10.900790781674234,52.73521699118141
2024-01-01 07:37:00,19.373212839882527,112.15447308873937,8.055243106580235,24.36923346444456,411.67898899770023,11.31994474841181,21.60555436341466
2024-01-01 07:38:00,11.126065513636746,118.39004962431271,8.969815170742834,19.26259645060037,410.8056454874279,11.33369877296198,55.5965350545145
2024-01-01 07:39:00,12.376358325361439,130.2004370574696,9.472025405048356,24.55681823864203,452.5665316317482,11.227005704891395,59.67850988954573
2024-01-01 07:40:00,12.350524935542097,149.8941691349071,11.005943333606172,39.82458450785704,660.0311063518001,10.405634069594093,31.762698487071113
2024-01-01 07:41:00,22.984206042321272,158.72667753594362,10.156794276964977,32.08655439568092,484.74362319310796,10.143654451110569,28.412742251431744
2024-01-01 07:42:00,24.920897585308467,141.46187310916144,14.193919732144174,45.16354804796807,685.1377511725887,11.199068719018765,50.61453455432163
2024-01-01 07:43:00,21.667375301943192,113.42134257338671,9.969634829058302,24.952100647063446,574.4866878967581,11.118464655506763,30.121053636810128
2024-01-01 07:44:00,29.243450969490837,113.70856018216561,14.921580148233126,32.31903104234393,530.9842569306298,10.19458322263633,54.62249532688814
2024-01-01 07:45:00,17.49741159047408,139.00658412711132,13.514249577450958,33.40883988913949,574.0266504008364,11.35130612025524,24.11370368629907
2024-01-01 07:46:00,15.714241725637216,99.10217166146418,7.085105143573358,31.62637230378465,555.0095155678803,10.801378381814045,25.03820785517433
2024-01-01 07:47:00,27.371982563789206,88.83792905051158,14.305952146439163,36.61851978884823,627.6328761271975,11.269073301526937,59.16606220402463
2024-01-01 07:48:00,14.471916770389052,108.36977261126212,6.1636639788547605,15.684506076866283,484.7488197918557,11.642207575494332,46.953555930800185
2024-01-01 07:49:00,29.264450788812226,102.97911933232655,13.174497084911916,28.05636998956058,505.9151174800907,10.173402542869232,53.87548897715811
2024-01-01 07:50:00,10.243089493796326,103.7046496364792,8.8062329347658,9.690116126375646,668.2282907599752,9.842118709593041,32.97317509406072
2024-01-01 07:51:00,29.39757653415278,98.68862008399279,13.779743204450694,22.303009744016563,683.9369539451216,11.514025690070731,47.05934998082418
2024-01-01 07:52:00,10.863198239011522,83.36745517090895,13.680566901074503,26.9450180879569,667.7674682459424,11.141334335335756,43.769673092343886
2024-01-01 07:53:00,27.822862273961423,81.42991477867311,13.059254001176212,34.35009167954626,525.8343981871941,11.339207053168668,44.12600480491788
2024-01-01 07:54:00,20.554022181725998,159.01779117888253,12.900304363070614,47.77389736637916,634.1096509020645,11.643940944975014,47.301298381508865
2024-01-01 07:55:00,29.859295922386007,114.22185069886899,8.046791390980408,32.029297994676014,542.9007199903297,11.566184056613901,43.01436692516394
2024-01-01 07:56:00,11.475931294707976,110.74613177277453,5.809192830512522,38.46172622794519,549.2619556438307,11.914024323243414,37.16249477210664
2024-01-01 07:57:00,21.077085688026415,134.3717826154456,9.029801787651614,27.781972677284124,461.4040327171852,10.979057173474661,31.036907775221874
2024-01-01 07:58:00,29.38605071238198,97.46031102920513,6.7352451498650865,33.53468141193491,577.339090977555,10.874690391851793,50.743253236528076
2024-01-01 07:59:00,20.461956883402976,155.99689471601803,11.949510889024618,8.191949726019804,455.84076932600436,10.684151839759606,29.050897200127448
2024-01-01 08:00:00,22.58797276270525,142.90760115324417,8.460997265377856,16.447621137883115,499.4694097201581,10.13812029425725,47.694172246176564
2024-01-01 08:01:00,23.914973779692343,87.15288018498076,14.756102008599148,21.28338919423124,656.5090604859806,11.05973591234045,29.333312905973067
2024-01-01 08:02:00,19.090821295355465,113.40646206279428,11.40972077345332,26.262200975293112,462.12274276325655,10.409427553517155,45.01320679817816
2024-01-01 08:03:00,22.55116160168127,150.32946460497317,13.224805636343609,7.054193547607268,421.34748555202987,11.826876526868546,49.883130685161156
2024-01-01 08:04:00,21.686286238462003,155.5785617833128,6.3252467274184845,11.301084389899295,420.7022777838449,11.083019769409615,28.748555556261568
2024-01-01 08:05:00,28.02316020981978,117.39212089998958,13.620144822726225,17.45664385060876,682.2353561509324,11.104248397117843,22.397732034452332
2024-01-01 08:06:00,10.908927606829158,129.07291113685662,14.227571905133944,48.71897109054728,552.0761313885504,10.580834253929423,25.238949719766964
2024-01-01 08:07:00,15.619263791844606,93.36271568736602,9.870619188189359,19.910615319637284,522.8236215451055,9.914376574350957,44.23987869084102
2024-01-01 08:08:00,29.008229681531176,159.29349009095813,11.062529377509774,26.691847615043713,643.2635743023756,9.869836283820575,53.97785624902942
2024-01-01 08:09:00,27.805275677818326,98.53373611067548,12.648098009029955,13.824397073227683,650.7477783731548,10.731337317137035,21.799872849416975
2024-01-01 08:10:00,19.11313505571426,155.41854193081005,6.748386272604126,32.485103198409575,499.6573099346814,9.986043831813923,49.36605036166585
2024-01-01 08:11:00,22.402651956030734,131.97173191938947,10.025660764634424,17.630744698218844,608.0854172421385,11.135063302188307,33.65274583800208
2024-01-01 08:12:00,15.547623659622653,128.61894359030873,8.986630277723131,14.314666029729205,631.336844755566,11.738140612407246,39.141134796780904
2024-01-01 08:13:00,13.762423194475225,121.01508088132069,6.463739921622491,28.245768280069058,596.3952060597863,11.74241259634119,57.154381993822625
2024-01-01 08:14:00,19.273968098799642,98.45358493742069,8.675344222915314,5.247760962218937,445.4785224400298,11.249899902290911,33.278860189433814
2024-01-01 08:15:00,17.067044560521055,94.12224256044067,5.681723093854936,5.34488146921514,662.7649250551171,10.26471002924045,38.61347735757944
2024-01-01 08:16:00,21.67312223701744,97.63889672561403,5.25811906949487,14.8580964095836,561.7283658208027,11.698593028989519,20.547296590427244
2024-01-01 08:17:00,11.554692739299696,94.91506097154036,6.351662891548227,6.652461312536952,484.74172791100113,11.749405557689059,23.263948800193536
2024-01-01 08:18:00,29.48789615332333,142.36675788534026,14.631151115891738,9.861158935881111,527.5684556313082,10.23263788689651,30.34366364539136
2024-01-01 08:19:00,29.72421488959206,108.01002073333841,10.49529535895017,20.248729220243824,411.2713271196722,11.42233738869549,21.114089632842976
2024-01-01 08:20:00,23.963234280394904,84.62741412507171,14.6582216115322,41.116355581091575,438.3600403667253,10.43034300763967,45.25501304193004
2024-01-01 08:21:00,20.72192732688241,157.52821041126492,9.324978783301319,30.742188951618537,629.6640251547583,11.565808687176446,37.0559342720649
2024-01-01 08:22:00,16.190552325726557,150.70287079707407,8.118161330852596,28.07004766803874,400.00349042660986,11.993923379787926,41.92580810912088
2024-01-01 08:23:00,26.275900394138972,154.22018265561704,10.061418628402441,18.206997044365473,524.9697485446876,9.866057211724664,26.985887435853183
2024-01-01 08:24:00,23.694623451077586,159.5926258117148,9.395116886329102,46.92891737447674,556.7530543256765,11.774204904740051,31.837281177464646
2024-01-01 08:25:00,13.252338786897827,93.91161993755898,6.05664684261744,22.865676855673627,416.3903260002917,11.169787173917047,46.552978994109004
2024-01-01 08:26:00,28.21854368987685,111.6993615122127,11.408263146902062,8.919174505809718,691.9234488916999,11.941441762162606,58.612108945215994
2024-01-01 08:27:00,26.45074485846338,140.6590780563273,7.160381825095996,32.767993225301055,467.8375993749016,10.823020938558141,22.016670944088368
2024-01-01 08:28:00,28.99599826583848,135.6816494443034,11.195879548978295,10.122727706447064,491.2596158908843,11.664253447257023,55.615372834210646
2024-01-01 08:29:00,24.5143901677672,92.3116725071884,11.502010923981533,20.535041426076145,491.1827536765082,9.93726695091621,43.07524805244834
2024-01-01 08:30:00,22.268303918715798,145.2666499992494,6.520248531286481,27.8335372423014,469.124998635205,10.53761391017225,42.55678267022495
2024-01-01 08:31:00,18.364860725812377,97.95524574693286,5.613496271106682,44.34001361083291,400.44214662589343,9.947436383052663,40.011141408310415
2024-01-01 08:32:00,28.654569667080267,97.90540918580984,12.807615860684399,27.20959611530534,618.8034382263988,11.945754893653955,22.775763436167335
2024-01-01 08:33:00,27.321277790008168,122.95795383147308,9.598004237693202,36.60164447142489,690.0536499397856,11.597342595998041,23.595074069446426
2024-01-01 08:34:00,10.904373402123788,127.43519478733626,5.581637955054758,49.67675775495817,467.2880449855135,11.675604326741135,44.036480226363445
2024-01-01 08:35:00,10.52733948994504,126.40689662702489,14.948663171697671,10.917010395409173,598.9141575410267,11.863523509154568,33.63834285742233
2024-01-01 08:36:00,17.52926733756099,87.31894699182038,5.577805609963667,17.36291864837838,622.5688980876146,9.987227669463529,56.69072266310722
2024-01-01 08:37:00,26.211066615636657,150.19686901043042,11.950352288585531,22.755923401894087,654.5276137271574,10.648314703529334,36.26362149437889
2024-01-01 08:38:00,29.74552258629889,101.24800340709649,14.836789252634135,23.98226803424741,526.7887591040827,9.956276755896805,25.731258348105644
2024-01-01 08:39:00,13.008337822070564,90.36119370262433,7.391801042159257,23.49594838694956,490.8792716921288,10.263744823410063,48.58875334008144
2024-01-01 08:40:00,21.8826143070427,151.09984638951818,6.422493686871961,45.84249511504497,497.58854020690933,10.304604709482879,31.734136857640394
2024-01-01 08:41:00,17.61781713262043,156.45211985838029,6.2138493942242885,37.13146900100854,613.7863999295539,10.832035864304673,41.01881229423573
2024-01-01 08:42:00,29.398287956292066,148.97020938123603,8.032751475675955,32.35573463408167,645.0338399516909,10.390836768398014,47.9133114202068
2024-01-01 08:43:00,26.842378462714173,144.76128597799024,6.010458110106467,18.921772303825193,454.4841903269808,10.022151834999075,56.01056444808282
2024-01-01 08:44:00,26.766574094222758,132.41935845112175,11.92161341694132,42.07056728995826,511.2823024473296,10.168480396007038,51.68764779206704
2024-01-01 08:45:00,19.373863195899403,124.06858964873115,5.622917981300627,47.977723016824505,670.582059024745,10.1240062398146,47.054442714908966
2024-01-01 08:46:00,18.296390046753302,86.95894079291281,10.094221281497898,41.953922714760196,642.0080559084217,11.940768955407057,47.18532729580574
2024-01-01 08:47:00,15.468141438614126,112.67625704565589,14.966968538529768,5.0704297336162805,695.4575208287428,11.470443515220643,57.83698576128346
2024-01-01 08:48:00,11.127509933018542,109.81508136098512,13.139702695060189,33.63806165825332,626.2744779046243,11.929075223593037,31.83296389986144
2024-01-01 08:49:00,27.294447525101063,100.7803027008261,11.152194382310109,7.301092164894532,517.9585603083767,10.7674290703174,20.044483767847495
2024-01-01 08:50:00,26.258020182601552,137.8736090950868,8.062536207866117,16.592324915017485,577.1913501983913,10.412410659657844,30.87818237592795
2024-01-01 08:51:00,29.99435346572261,119.67005880630167,11.238958362916385,7.678611515649726,598.3042762741961,11.556245033860211,28.71565518506976
2024-01-01 08:52:00,29.93273674147811,86.48369727261183,10.270414639116517,32.170795382722446,423.5367448951372,10.517758619690524,46.473383404559925
2024-01-01 08:53:00,21.10863411205255,97.6146561559849,9.260833838903714,35.89654610716731,563.3490877311596,10.458643422151766,45.34846399062116
2024-01-01 08:54:00,25.37974830361021,134.66070109276768,6.307103767401995,10.15194371296573,612.7962485417829,10.31151318285723,43.73845530818895
2024-01-01 08:55:00,28.89531459764856,86.09046875922401,13.866042152404667,22.27274973702408,450.1963912003181,10.08529375209332,20.64973772837815
2024-01-01 08:56:00,26.99294781354823,148.09655312390151,9.497846488213225,25.53064290299939,634.1895152276671,10.364218734236886,49.1511221780259
2024-01-01 08:57:00,14.946962034863953,119.61172216111794,6.946225118207651,21.607385979241247,575.1318341542335,10.581703446642553,32.94121649941966
2024-01-01 08:58:00,19.01088270620187,118.44692618613183,8.677593508772896,10.446125021833687,685.6665357092784,11.282787257920607,46.60223956026525
2024-01-01 08:59:00,12.5831883030299,127.3926227727614,9.141297525289271,23.852650558436395,412.7266894620675,9.937642652882793,42.26313714008613
2024-01-01 09:00:00,29.081020545174447,145.97447727401192,13.275378955668742,38.803012151378816,479.5978412666401,10.263115267263755,33.70923701711629
2024-01-01 09:01:00,22.123492689017603,107.82473663217544,12.336143805614022,8.195344903996496,580.4661637899472,11.579852008641689,25.38305068416431
2024-01-01 09:02:00,14.572856110069255,134.24129220472508,12.693048936413398,8.608100633685655,488.9679736617792,10.123228231884296,23.77675590641924
2024-01-01 09:03:00,23.434013688117133,125.2585571196633,5.110312644286472,20.96470813261929,614.3272492213727,10.553819322349549,53.26073332448894
2024-01-01 09:04:00,22.362564809157917,101.3622616135537,9.161539981797615,47.37765702285163,627.7015847565793,11.702249628087909,56.73590168326232
2024-01-01 09:05:00,17.163254360656808,150.29039890841264,9.813441516353237,35.08576910253113,430.7547892199423,10.140835684515574,45.99152187057199
2024-01-01 09:06:00,12.27115184399258,143.79408172855426,5.191922768230567,35.540148050265415,554.1563392620303,9.982021038360019,24.137364594419335
2024-01-01 09:07:00,23.431463911855992,132.67614677267403,7.598132087450342,21.286399587703922,552.6671666773168,10.865983589176023,36.08108867552963
2024-01-01 09:08:00,20.406154018075867,148.04653832753934,12.60289823122135,31.71473560438423,510.7842310646623,10.465322924812781,49.15756800420629
2024-01-01 09:09:00,25.446367834712788,149.3835360767842,6.37109705728999,5.455903281248452,679.8774587709016,11.03949840186448,51.192835360402725
2024-01-01 09:10:00,20.403270022239866,136.6690381372028,10.353101314525917,33.624322088429395,648.2518959619664,11.568370759063646,24.728744891643544
2024-01-01 09:11:00,27.0436300063708,146.96106626909375,7.152018720172375,46.09791264093065,609.162814572891,10.101726673936035,20.001228753815298
2024-01-01 09:12:00,21.03813677548971,135.7977169335427,5.121207746438933,32.56580607551686,614.2979907204992,11.077537986019427,48.4854818352242
2024-01-01 09:13:00,21.218759430707728,134.41126174082405,7.412014575995415,44.316436705985524,538.5148431439358,10.912119272857701,34.26384703944822
2024-01-01 09:14:00,27.5330720531669,129.48891025721474,14.758737549100537,37.57878749597422,676.2983563289728,10.11697332922904,30.17925326473041
2024-01-01 09:15:00,18.06965732424794,140.2173311646113,13.015371118829895,10.425128738166062,608.3786281759856,11.172796668163762,20.515898791581016
2024-01-01 09:16:00,12.680304569012815,92.68840842344589,14.595766443210334,45.61039882786288,618.6943184967449,10.402008919293698,41.61197627045999
2024-01-01 09:17:00,10.57565352626678,150.46966073591426,9.878540439263624,7.98997299600987,658.5072711362036,10.873235500796827,54.04602941703927
2024-01-01 09:18:00,25.10274511347238,149.74748221961858,6.097361986775035,29.02853626464937,482.2214768026573,9.980999113409537,58.30526585090352
2024-01-01 09:19:00,22.406191027069294,82.33978264276473,10.47959488973693,11.396170570705594,642.1212711600109,10.81108492586997,42.62979802453157
2024-01-01 09:20:00,24.08159536198447,146.06534004518102,9.54377334559961,5.526797482890683,458.5721808869476,10.474219629694206,40.57845310959577
2024-01-01 09:21:00,14.259283230178214,90.30958939787561,13.44357082739616,23.991541705743757,503.60258567346636,11.60923866460778,23.402255419569645
2024-01-01 09:22:00,12.727429511735394,106.80950834073136,5.980825807842446,18.27683184443703,500.6831362809528,9.92535319939421,41.95491206170399
2024-01-01 09:23:00,10.290893313357639,139.48066050332864,9.882411370217781,26.870022220892135,693.5576405167421,10.720936004820325,35.19916315861579
2024-01-01 09:24:00,17.011751176131938,92.86079168386466,6.500486646939843,30.973994903054788,656.9611671243781,10.808549133089164,44.285411235343076
2024-01-01 09:25:00,21.79835373709266,145.43736192952497,8.2467592689006,6.968258253902631,610.3509584770779,11.395013367858061,35.54905391506187
2024-01-01 09:26:00,17.844880901994646,146.57073423661936,12.373570773877997,10.535148280568553,618.1170284846171,11.063432665198464,29.61196493801467
2024-01-01 09:27:00,18.749498440474582,120.5974187008669,9.760181293687666,30.13890784026914,568.6218383207713,11.267867141827198,23.79861100913506
2024-01-01 09:28:00,28.083173889874967,80.51086973734668,8.758882851457694,20.442530892769618,684.1272001325558,11.509508428433863,32.59673778355583
2024-01-01 09:29:00,16.965109340466007,102.96305065399302,8.944762785700354,37.81280693972516,548.8776258647084,11.696846542048016,23.86579337151009
2024-01-01 09:30:00,20.279789783196215,129.35415347005937,9.594467684059866,34.35312418663729,514.1553129609683,10.490526092789436,27.07587803295936
2024-01-01 09:31:00,25.67306025482286,158.49489424219388,12.850165438370569,43.052196334545805,448.9106010794773,10.983649951800587,59.49344634318184
2024-01-01 09:32:00,17.930855646425403,130.54508216133348,13.920846889402345,36.16217720011514,635.8616956783173,11.64823777256624,37.76414227626475
2024-01-01 09:33:00,22.441734004557468,100.78428648513278,14.553346865039282,24.346898482556664,620.3331796226774,11.976792488123124,41.27487066020066
2024-01-01 09:34:00,27.247274174934905,130.7204562479689,12.86903386255295,35.28349800774946,515.3065115572405,11.756942484296278,54.944741149488614
2024-01-01 09:35:00,28.990412473152844,123.19883037726844,8.154068957480128,17.392152841493832,407.5580241877688,10.617227977773629,59.82275601962751
2024-01-01 09:36:00,12.941469618580758,142.3876316120915,11.881347060865421,18.784107445019572,651.6991983154032,10.229366337881032,43.308577973787266
2024-01-01 09:37:00,28.53175250322989,88.55845110615667,9.37603124055392,40.5043321964357,403.4253950362221,10.876663582294496,52.498952841766865
2024-01-01 09:38:00,19.842325861590766,140.88223220016224,7.5467062204605115,25.0888782380712,611.1099338887153,11.431611194039293,33.07764097346701
2024-01-01 09:39:00,15.164887765979167,123.30132629408882,13.408715794259226,40.927115323325864,691.0771329178172,10.883651955657255,32.22975829789164
2024-01-01 09:40:00,19.182715124765224,157.03936030871955,5.38426348962325,42.00900681507253,531.2983984444611,10.862997899290072,36.10814883978241
2024-01-01 09:41:00,29.600651505709543,107.34977328309489,14.017619921354235,43.59030519475777,470.49202149878585,11.644106926379962,46.900290506945964
2024-01-01 09:42:00,19.85236187985739,130.60975145071586,9.61477464624734,46.24858561285433,611.4613030130145,10.59508831394781,47.28766757020395
2024-01-01 09:43:00,16.575032205750162,154.5622484408014,11.372014768082805,24.39433492309833,645.1384426046756,11.69154828458562,32.60957738597803
2024-01-01 09:44:00,22.668017086334515,88.20077823925433,11.593539222057828,19.349006824451248,563.9290948233543,10.694970562093792,25.328396965465146
2024-01-01 09:45:00,14.802912375563862,154.97827897891608,13.951177407065364,31.198943596735123,690.1105825768439,10.522112832492347,45.29585025862034
2024-01-01 09:46:00,11.517266562173278,135.03085778406506,11.366696821672074,21.702759054693242,415.5006164973883,10.798777804639338,25.13303448755058
2024-01-01 09:47:00,12.577594438212984,85.42696472841375,11.139335847600618,32.04833750601048,551.4386794913585,11.477383309084711,43.1397003291732
2024-01-01 09:48:00,12.560916779155448,104.0770853557453,5.666520405606899,36.75136381897211,615.536184196765,10.077204461300788,47.73688512225236
2024-01-01 09:49:00,13.038053870245887,136.6537670916225,10.18408021945204,35.97822583214616,658.7921413447536,10.232122274918439,48.02445985577806
2024-01-01 09:50:00,12.776543452988204,85.38804811750174,6.501690008170416,21.85487991590546,453.776683572337,11.893178616458803,50.13888442638387
2024-01-01 09:51:00,22.817494896064293,126.57363681410186,12.374337687214856,12.508709076443877,640.0010445291044,10.186081580238987,54.91437686262658
2024-01-01 09:52:00,13.637601687982897,107.67064455623654,10.122219208126744,24.37382023079934,565.8121227155636,11.049000099448321,39.99835967859154
2024-01-01 09:53:00,16.913345666477262,129.67324142139816,11.802277792083533,11.416736483685893,518.966104596989,11.074491826656264,49.20996758118285
2024-01-01 09:54:00,27.935768198120236,83.65936270500103,5.416729006023843,45.054366583271374,439.51450857372805,10.877173816510538,44.76690941463347
2024-01-01 09:55:00,19.479232805257446,149.7229444921901,5.847920160458032,20.564485733203583,659.5887276726737,11.218439546869002,27.465597591907304
2024-01-01 09:56:00,23.351154770420543,157.87911753419175,12.163233880626823,11.95068862504957,447.1819624539146,10.30561879675476,21.02758579477633
2024-01-01 09:57:00,13.446397424032597,157.51022842285533,5.720843359986734,6.14514919575879,492.93635776272976,11.015856989108846,31.38165542707735
2024-01-01 09:58:00,13.845780376173416,139.972146539434,5.712567277652586,34.06200738289179,487.01365958873106,10.618781161543174,37.72134825350477
2024-01-01 09:59:00,10.817372325329577,90.40689921045056,5.1210847523488745,33.66060428546345,661.4242102572563,11.255667971184216,44.68423777714625
